<?xml version='1.0' encoding='UTF-8'?>
<data>
<info>
  <savetime>19:40:22 21-05-2017</savetime>
  <progress>completed</progress>
</info>

<schema path="./" protocol="file">temporal.schema.xml</schema>

<annotations>
	<entity>
		<id>33@e@CNN19980222.1130.0084@gold</id>
		<span>29,31</span>
		<type>Month-Of-Year</type>
		</entity>

	<entity>
		<id>34@e@CNN19980222.1130.0084@gold</id>
		<span>31,33</span>
		<type>Day-Of-Month</type>
		</entity>

	<entity>
		<id>35@e@CNN19980222.1130.0084@gold</id>
		<span>334,339</span>
		<type>Number</type>
		</entity>

	<entity>
		<id>36@e@CNN19980222.1130.0084@gold</id>
		<span>340,344</span>
		<type>Period</type>
		</entity>

	<entity>
		<id>37@e@CNN19980222.1130.0084@gold</id>
		<span>400,405</span>
		<type>Calendar-Interval</type>
		</entity>

	<entity>
		<id>39@e@CNN19980222.1130.0084@gold</id>
		<span>479,483</span>
		<type>This</type>
		</entity>

	<entity>
		<id>40@e@CNN19980222.1130.0084@gold</id>
		<span>484,493</span>
		<type>Part-Of-Day</type>
		</entity>

	<entity>
		<id>41@e@CNN19980222.1130.0084@gold</id>
		<span>594,599</span>
		<type>Number</type>
		</entity>

	<entity>
		<id>42@e@CNN19980222.1130.0084@gold</id>
		<span>25,29</span>
		<type>Year</type>
		</entity>

	<entity>
		<id>43@e@CNN19980222.1130.0084@gold</id>
		<span>473,478</span>
		<type>After</type>
		</entity>

	<entity>
		<id>44@e@CNN19980222.1130.0084@gold</id>
		<span>581,593</span>
		<type>Modifier</type>
		</entity>

	<entity>
		<id>47@e@CNN19980222.1130.0084@gold</id>
		<span>600,604</span>
		<type>Period</type>
		</entity>

</annotations>

</data>