<?xml version='1.0' encoding='UTF-8'?>
<data>
<info>
  <savetime>12:18:42 10-07-2017</savetime>
  <progress>completed</progress>
</info>

<schema path="./" protocol="file">temporal.schema.xml</schema>

<annotations>
	<entity>
		<id>32@e@wsj_0160@gold</id>
		<span>15,17</span>
		<type>Day-Of-Month</type>
		</entity>

	<entity>
		<id>33@e@wsj_0160@gold</id>
		<span>12,14</span>
		<type>Month-Of-Year</type>
		</entity>

	<entity>
		<id>34@e@wsj_0160@gold</id>
		<span>141,148</span>
		<type>Calendar-Interval</type>
		</entity>

	<entity>
		<id>35@e@wsj_0160@gold</id>
		<span>149,151</span>
		<type>Month-Of-Year</type>
		</entity>

	<entity>
		<id>36@e@wsj_0160@gold</id>
		<span>152,154</span>
		<type>Day-Of-Month</type>
		</entity>

	<entity>
		<id>37@e@wsj_0160@gold</id>
		<span>308,315</span>
		<type>Before</type>
		</entity>

	<entity>
		<id>38@e@wsj_0160@gold</id>
		<span>303,307</span>
		<type>Period</type>
		</entity>

	<entity>
		<id>39@e@wsj_0160@gold</id>
		<span>233,240</span>
		<type>Calendar-Interval</type>
		</entity>

	<entity>
		<id>40@e@wsj_0160@gold</id>
		<span>462,469</span>
		<type>Calendar-Interval</type>
		</entity>

	<entity>
		<id>41@e@wsj_0160@gold</id>
		<span>227,232</span>
		<type>NthFromStart</type>
		</entity>

	<entity>
		<id>42@e@wsj_0160@gold</id>
		<span>135,140</span>
		<type>NthFromStart</type>
		</entity>

	<entity>
		<id>43@e@wsj_0160@gold</id>
		<span>155,157</span>
		<type>Two-Digit-Year</type>
		</entity>

	<entity>
		<id>44@e@wsj_0160@gold</id>
		<span>18,20</span>
		<type>Two-Digit-Year</type>
		</entity>

	<entity>
		<id>45@e@wsj_0160@gold</id>
		<span>810,817</span>
		<type>Before</type>
		</entity>

	<entity>
		<id>46@e@wsj_0160@gold</id>
		<span>458,461</span>
		<type>This</type>
		</entity>

	<entity>
		<id>47@e@wsj_0160@gold</id>
		<span>805,809</span>
		<type>Period</type>
		</entity>

</annotations>

</data>