<?xml version='1.0' encoding='UTF-8'?>
<data>
<info>
  <savetime>14:24:09 24-05-2017</savetime>
  <progress>completed</progress>
</info>

<schema path="./" protocol="file">temporal.schema.xml</schema>

<annotations>
	<entity>
		<id>102@e@APW19980418.0210@gold</id>
		<span>783,785</span>
		<type>Day-Of-Month</type>
		</entity>

	<entity>
		<id>103@e@APW19980418.0210@gold</id>
		<span>1697,1700</span>
		<type>Time-Zone</type>
		</entity>

	<entity>
		<id>104@e@APW19980418.0210@gold</id>
		<span>1695,1697</span>
		<type>Minute-Of-Hour</type>
		</entity>

	<entity>
		<id>105@e@APW19980418.0210@gold</id>
		<span>1693,1695</span>
		<type>Hour-Of-Day</type>
		</entity>

	<entity>
		<id>106@e@APW19980418.0210@gold</id>
		<span>34,36</span>
		<type>Minute-Of-Hour</type>
		</entity>

	<entity>
		<id>107@e@APW19980418.0210@gold</id>
		<span>37,39</span>
		<type>Second-Of-Minute</type>
		</entity>

	<entity>
		<id>108@e@APW19980418.0210@gold</id>
		<span>1466,1474</span>
		<type>Month-Of-Year</type>
		</entity>

	<entity>
		<id>109@e@APW19980418.0210@gold</id>
		<span>1330,1334</span>
		<type>Calendar-Interval</type>
		</entity>

	<entity>
		<id>110@e@APW19980418.0210@gold</id>
		<span>1320,1329</span>
		<type>Next</type>
		</entity>

	<entity>
		<id>112@e@APW19980418.0210@gold</id>
		<span>1265,1267</span>
		<type>Day-Of-Month</type>
		</entity>

	<entity>
		<id>113@e@APW19980418.0210@gold</id>
		<span>1261,1264</span>
		<type>Month-Of-Year</type>
		</entity>

	<entity>
		<id>114@e@APW19980418.0210@gold</id>
		<span>140,142</span>
		<type>Month-Of-Year</type>
		</entity>

	<entity>
		<id>115@e@APW19980418.0210@gold</id>
		<span>143,145</span>
		<type>Day-Of-Month</type>
		</entity>

	<entity>
		<id>117@e@APW19980418.0210@gold</id>
		<span>388,396</span>
		<type>Day-Of-Week</type>
		</entity>

	<entity>
		<id>118@e@APW19980418.0210@gold</id>
		<span>779,782</span>
		<type>Month-Of-Year</type>
		</entity>

	<entity>
		<id>119@e@APW19980418.0210@gold</id>
		<span>1035,1039</span>
		<type>Year</type>
		</entity>

	<entity>
		<id>120@e@APW19980418.0210@gold</id>
		<span>1027,1034</span>
		<type>Month-Of-Year</type>
		</entity>

	<entity>
		<id>121@e@APW19980418.0210@gold</id>
		<span>802,805</span>
		<type>Number</type>
		</entity>

	<entity>
		<id>123@e@APW19980418.0210@gold</id>
		<span>81,83</span>
		<type>Hour-Of-Day</type>
		</entity>

	<entity>
		<id>125@e@APW19980418.0210@gold</id>
		<span>73,75</span>
		<type>Day-Of-Month</type>
		</entity>

	<entity>
		<id>126@e@APW19980418.0210@gold</id>
		<span>1687,1689</span>
		<type>Day-Of-Month</type>
		</entity>

	<entity>
		<id>127@e@APW19980418.0210@gold</id>
		<span>20,22</span>
		<type>Month-Of-Year</type>
		</entity>

	<entity>
		<id>129@e@APW19980418.0210@gold</id>
		<span>23,25</span>
		<type>Day-Of-Month</type>
		</entity>

	<entity>
		<id>130@e@APW19980418.0210@gold</id>
		<span>84,86</span>
		<type>Minute-Of-Hour</type>
		</entity>

	<entity>
		<id>131@e@APW19980418.0210@gold</id>
		<span>70,72</span>
		<type>Month-Of-Year</type>
		</entity>

	<entity>
		<id>132@e@APW19980418.0210@gold</id>
		<span>76,80</span>
		<type>Year</type>
		</entity>

	<entity>
		<id>133@e@APW19980418.0210@gold</id>
		<span>1269,1273</span>
		<type>Year</type>
		</entity>

	<entity>
		<id>134@e@APW19980418.0210@gold</id>
		<span>26,30</span>
		<type>Year</type>
		</entity>

	<entity>
		<id>135@e@APW19980418.0210@gold</id>
		<span>787,791</span>
		<type>Year</type>
		</entity>

	<entity>
		<id>136@e@APW19980418.0210@gold</id>
		<span>87,89</span>
		<type>Second-Of-Minute</type>
		</entity>

	<entity>
		<id>138@e@APW19980418.0210@gold</id>
		<span>1151,1158</span>
		<type>Next</type>
		</entity>

	<entity>
		<id>139@e@APW19980418.0210@gold</id>
		<span>31,33</span>
		<type>Hour-Of-Day</type>
		</entity>

	<entity>
		<id>141@e@APW19980418.0210@gold</id>
		<span>1690,1692</span>
		<type>Two-Digit-Year</type>
		</entity>

	<entity>
		<id>142@e@APW19980418.0210@gold</id>
		<span>1684,1686</span>
		<type>Month-Of-Year</type>
		</entity>

	<entity>
		<id>143@e@APW19980418.0210@gold</id>
		<span>479,486</span>
		<type>Calendar-Interval</type>
		</entity>

	<entity>
		<id>144@e@APW19980418.0210@gold</id>
		<span>806,810</span>
		<type>Period</type>
		</entity>

	<entity>
		<id>145@e@APW19980418.0210@gold</id>
		<span>1044,1049</span>
		<type>Next</type>
		</entity>

</annotations>

</data>