<?xml version='1.0' encoding='UTF-8'?>
<data>
<info>
  <savetime>10:28:34 20-05-2017</savetime>
  <progress>completed</progress>
</info>

<schema path="./" protocol="file">temporal.schema.xml</schema>

<annotations>
	<entity>
		<id>38@e@APW19980227.0468@gold</id>
		<span>150,152</span>
		<type>Month-Of-Year</type>
		</entity>

	<entity>
		<id>39@e@APW19980227.0468@gold</id>
		<span>1209,1212</span>
		<type>Time-Zone</type>
		</entity>

	<entity>
		<id>40@e@APW19980227.0468@gold</id>
		<span>1207,1209</span>
		<type>Minute-Of-Hour</type>
		</entity>

	<entity>
		<id>41@e@APW19980227.0468@gold</id>
		<span>1205,1207</span>
		<type>Hour-Of-Day</type>
		</entity>

	<entity>
		<id>42@e@APW19980227.0468@gold</id>
		<span>34,36</span>
		<type>Minute-Of-Hour</type>
		</entity>

	<entity>
		<id>43@e@APW19980227.0468@gold</id>
		<span>37,39</span>
		<type>Second-Of-Minute</type>
		</entity>

	<entity>
		<id>44@e@APW19980227.0468@gold</id>
		<span>912,916</span>
		<type>Year</type>
		</entity>

	<entity>
		<id>45@e@APW19980227.0468@gold</id>
		<span>903,911</span>
		<type>Month-Of-Year</type>
		</entity>

	<entity>
		<id>46@e@APW19980227.0468@gold</id>
		<span>523,529</span>
		<type>Day-Of-Week</type>
		</entity>

	<entity>
		<id>47@e@APW19980227.0468@gold</id>
		<span>153,155</span>
		<type>Day-Of-Month</type>
		</entity>

	<entity>
		<id>48@e@APW19980227.0468@gold</id>
		<span>84,86</span>
		<type>Minute-Of-Hour</type>
		</entity>

	<entity>
		<id>49@e@APW19980227.0468@gold</id>
		<span>87,89</span>
		<type>Second-Of-Minute</type>
		</entity>

	<entity>
		<id>50@e@APW19980227.0468@gold</id>
		<span>31,33</span>
		<type>Hour-Of-Day</type>
		</entity>

	<entity>
		<id>51@e@APW19980227.0468@gold</id>
		<span>81,83</span>
		<type>Hour-Of-Day</type>
		</entity>

	<entity>
		<id>53@e@APW19980227.0468@gold</id>
		<span>70,72</span>
		<type>Month-Of-Year</type>
		</entity>

	<entity>
		<id>54@e@APW19980227.0468@gold</id>
		<span>872,877</span>
		<type>Between</type>
		</entity>

	<entity>
		<id>55@e@APW19980227.0468@gold</id>
		<span>73,75</span>
		<type>Day-Of-Month</type>
		</entity>

	<entity>
		<id>56@e@APW19980227.0468@gold</id>
		<span>23,25</span>
		<type>Day-Of-Month</type>
		</entity>

	<entity>
		<id>57@e@APW19980227.0468@gold</id>
		<span>1196,1198</span>
		<type>Month-Of-Year</type>
		</entity>

	<entity>
		<id>58@e@APW19980227.0468@gold</id>
		<span>1199,1201</span>
		<type>Day-Of-Month</type>
		</entity>

	<entity>
		<id>59@e@APW19980227.0468@gold</id>
		<span>1202,1204</span>
		<type>Two-Digit-Year</type>
		</entity>

	<entity>
		<id>60@e@APW19980227.0468@gold</id>
		<span>20,22</span>
		<type>Month-Of-Year</type>
		</entity>

	<entity>
		<id>61@e@APW19980227.0468@gold</id>
		<span>76,80</span>
		<type>Year</type>
		</entity>

	<entity>
		<id>62@e@APW19980227.0468@gold</id>
		<span>26,30</span>
		<type>Year</type>
		</entity>

	</annotations>

</data>