<?xml version='1.0' encoding='UTF-8'?>
<data>
<info>
  <savetime>14:20:21 09-07-2017</savetime>
  <progress>completed</progress>
</info>

<schema path="./" protocol="file">temporal.schema.xml</schema>

<annotations>
	<entity>
		<id>85@e@APW19980301.0720@gold</id>
		<span>2288,2292</span>
		<type>Last</type>
		</entity>

	<entity>
		<id>86@e@APW19980301.0720@gold</id>
		<span>3620,3623</span>
		<type>Time-Zone</type>
		</entity>

	<entity>
		<id>87@e@APW19980301.0720@gold</id>
		<span>3618,3620</span>
		<type>Minute-Of-Hour</type>
		</entity>

	<entity>
		<id>88@e@APW19980301.0720@gold</id>
		<span>3616,3618</span>
		<type>Hour-Of-Day</type>
		</entity>

	<entity>
		<id>89@e@APW19980301.0720@gold</id>
		<span>34,36</span>
		<type>Minute-Of-Hour</type>
		</entity>

	<entity>
		<id>90@e@APW19980301.0720@gold</id>
		<span>37,39</span>
		<type>Second-Of-Minute</type>
		</entity>

	<entity>
		<id>91@e@APW19980301.0720@gold</id>
		<span>3337,3342</span>
		<type>Period</type>
		</entity>

	<entity>
		<id>92@e@APW19980301.0720@gold</id>
		<span>3333,3336</span>
		<type>Number</type>
		</entity>

	<entity>
		<id>93@e@APW19980301.0720@gold</id>
		<span>3209,3214</span>
		<type>Period</type>
		</entity>

	<entity>
		<id>94@e@APW19980301.0720@gold</id>
		<span>3205,3208</span>
		<type>Number</type>
		</entity>

	<entity>
		<id>95@e@APW19980301.0720@gold</id>
		<span>84,86</span>
		<type>Minute-Of-Hour</type>
		</entity>

	<entity>
		<id>96@e@APW19980301.0720@gold</id>
		<span>87,89</span>
		<type>Second-Of-Minute</type>
		</entity>

	<entity>
		<id>97@e@APW19980301.0720@gold</id>
		<span>3198,3204</span>
		<type>Modifier</type>
		</entity>

	<entity>
		<id>98@e@APW19980301.0720@gold</id>
		<span>375,381</span>
		<type>Day-Of-Week</type>
		</entity>

	<entity>
		<id>100@e@APW19980301.0720@gold</id>
		<span>565,571</span>
		<type>Day-Of-Week</type>
		</entity>

	<entity>
		<id>101@e@APW19980301.0720@gold</id>
		<span>933,937</span>
		<type>Year</type>
		</entity>

	<entity>
		<id>103@e@APW19980301.0720@gold</id>
		<span>1177,1183</span>
		<type>Day-Of-Week</type>
		</entity>

	<entity>
		<id>104@e@APW19980301.0720@gold</id>
		<span>1358,1364</span>
		<type>Day-Of-Week</type>
		</entity>

	<entity>
		<id>105@e@APW19980301.0720@gold</id>
		<span>3084,3090</span>
		<type>Day-Of-Week</type>
		</entity>

	<entity>
		<id>106@e@APW19980301.0720@gold</id>
		<span>1801,1806</span>
		<type>Calendar-Interval</type>
		</entity>

	<entity>
		<id>108@e@APW19980301.0720@gold</id>
		<span>2121,2126</span>
		<type>Between</type>
		</entity>

	<entity>
		<id>109@e@APW19980301.0720@gold</id>
		<span>2127,2131</span>
		<type>Year</type>
		</entity>

	<entity>
		<id>110@e@APW19980301.0720@gold</id>
		<span>2871,2875</span>
		<type>Calendar-Interval</type>
		</entity>

	<entity>
		<id>111@e@APW19980301.0720@gold</id>
		<span>2293,2297</span>
		<type>Calendar-Interval</type>
		</entity>

	<entity>
		<id>112@e@APW19980301.0720@gold</id>
		<span>2443,2447</span>
		<type>Last</type>
		</entity>

	<entity>
		<id>113@e@APW19980301.0720@gold</id>
		<span>2448,2452</span>
		<type>Calendar-Interval</type>
		</entity>

	<entity>
		<id>114@e@APW19980301.0720@gold</id>
		<span>2549,2553</span>
		<type>Last</type>
		<addition>
			<adjudication>gold</adjudication>
		</addition>
	</entity>

	<entity>
		<id>115@e@APW19980301.0720@gold</id>
		<span>2554,2562</span>
		<type>Month-Of-Year</type>
		<addition>
			<adjudication>gold</adjudication>
		</addition>
	</entity>

	<entity>
		<id>116@e@APW19980301.0720@gold</id>
		<span>2590,2596</span>
		<type>Day-Of-Week</type>
		</entity>

	<entity>
		<id>117@e@APW19980301.0720@gold</id>
		<span>2866,2870</span>
		<type>Last</type>
		</entity>

	<entity>
		<id>118@e@APW19980301.0720@gold</id>
		<span>2623,2627</span>
		<type>Last</type>
		</entity>

	<entity>
		<id>119@e@APW19980301.0720@gold</id>
		<span>2628,2632</span>
		<type>Calendar-Interval</type>
		</entity>

	<entity>
		<id>120@e@APW19980301.0720@gold</id>
		<span>81,83</span>
		<type>Hour-Of-Day</type>
		</entity>

	<entity>
		<id>121@e@APW19980301.0720@gold</id>
		<span>31,33</span>
		<type>Hour-Of-Day</type>
		</entity>

	<entity>
		<id>126@e@APW19980301.0720@gold</id>
		<span>20,22</span>
		<type>Month-Of-Year</type>
		</entity>

	<entity>
		<id>127@e@APW19980301.0720@gold</id>
		<span>73,75</span>
		<type>Day-Of-Month</type>
		</entity>

	<entity>
		<id>128@e@APW19980301.0720@gold</id>
		<span>23,25</span>
		<type>Day-Of-Month</type>
		</entity>

	<entity>
		<id>129@e@APW19980301.0720@gold</id>
		<span>3343,3346</span>
		<type>Before</type>
		</entity>

	<entity>
		<id>130@e@APW19980301.0720@gold</id>
		<span>3607,3609</span>
		<type>Month-Of-Year</type>
		</entity>

	<entity>
		<id>131@e@APW19980301.0720@gold</id>
		<span>3610,3612</span>
		<type>Day-Of-Month</type>
		</entity>

	<entity>
		<id>132@e@APW19980301.0720@gold</id>
		<span>70,72</span>
		<type>Month-Of-Year</type>
		</entity>

	<entity>
		<id>133@e@APW19980301.0720@gold</id>
		<span>76,80</span>
		<type>Year</type>
		</entity>

	<entity>
		<id>134@e@APW19980301.0720@gold</id>
		<span>26,30</span>
		<type>Year</type>
		</entity>

	<entity>
		<id>135@e@APW19980301.0720@gold</id>
		<span>3613,3615</span>
		<type>Two-Digit-Year</type>
		</entity>

	<entity>
		<id>137@e@APW19980301.0720@gold</id>
		<span>140,142</span>
		<type>Day-Of-Month</type>
		</entity>

	<entity>
		<id>138@e@APW19980301.0720@gold</id>
		<span>137,139</span>
		<type>Month-Of-Year</type>
		</entity>

	<entity>
		<id>140@e@APW19980301.0720@gold</id>
		<span>300,306</span>
		<type>Day-Of-Week</type>
		</entity>

	<entity>
		<id>141@e@APW19980301.0720@gold</id>
		<span>3362,3366</span>
		<type>This</type>
		</entity>

</annotations>

</data>