<?xml version='1.0' encoding='UTF-8'?>
<data>
<info>
  <savetime>19:43:49 21-05-2017</savetime>
  <progress>completed</progress>
</info>

<schema path="./" protocol="file">temporal.schema.xml</schema>

<annotations>
	<entity>
		<id>32@e@CNN19980223.1130.0960@gold</id>
		<span>819,822</span>
		<type>Number</type>
		</entity>

	<entity>
		<id>33@e@CNN19980223.1130.0960@gold</id>
		<span>31,33</span>
		<type>Day-Of-Month</type>
		</entity>

	<entity>
		<id>34@e@CNN19980223.1130.0960@gold</id>
		<span>208,211</span>
		<type>This</type>
		</entity>

	<entity>
		<id>35@e@CNN19980223.1130.0960@gold</id>
		<span>402,408</span>
		<type>Modifier</type>
		</entity>

	<entity>
		<id>36@e@CNN19980223.1130.0960@gold</id>
		<span>29,31</span>
		<type>Month-Of-Year</type>
		</entity>

	<entity>
		<id>37@e@CNN19980223.1130.0960@gold</id>
		<span>412,419</span>
		<type>Month-Of-Year</type>
		</entity>

	<entity>
		<id>39@e@CNN19980223.1130.0960@gold</id>
		<span>500,505</span>
		<type>Calendar-Interval</type>
		</entity>

	<entity>
		<id>41@e@CNN19980223.1130.0960@gold</id>
		<span>84,90</span>
		<type>Last</type>
		</entity>

	<entity>
		<id>42@e@CNN19980223.1130.0960@gold</id>
		<span>25,29</span>
		<type>Year</type>
		</entity>

	<entity>
		<id>43@e@CNN19980223.1130.0960@gold</id>
		<span>814,818</span>
		<type>Last</type>
		</entity>

	<entity>
		<id>44@e@CNN19980223.1130.0960@gold</id>
		<span>649,655</span>
		<type>Season-Of-Year</type>
		</entity>

	<entity>
		<id>45@e@CNN19980223.1130.0960@gold</id>
		<span>659,679</span>
		<type>Year</type>
		</entity>

	<entity>
		<id>46@e@CNN19980223.1130.0960@gold</id>
		<span>823,828</span>
		<type>Period</type>
		</entity>

	<entity>
		<id>47@e@CNN19980223.1130.0960@gold</id>
		<span>393,397</span>
		<type>Between</type>
		</entity>

</annotations>

</data>