<?xml version='1.0' encoding='UTF-8'?>
<data>
<info>
  <savetime>18:57:59 21-05-2017</savetime>
  <progress>completed</progress>
</info>

<schema path="./" protocol="file">temporal.schema.xml</schema>

<annotations>
	<entity>
		<id>43@e@APW19980501.0480@gold</id>
		<span>87,89</span>
		<type>Second-Of-Minute</type>
		</entity>

	<entity>
		<id>44@e@APW19980501.0480@gold</id>
		<span>144,146</span>
		<type>Day-Of-Month</type>
		</entity>

	<entity>
		<id>45@e@APW19980501.0480@gold</id>
		<span>1027,1030</span>
		<type>This</type>
		</entity>

	<entity>
		<id>46@e@APW19980501.0480@gold</id>
		<span>34,36</span>
		<type>Minute-Of-Hour</type>
		</entity>

	<entity>
		<id>47@e@APW19980501.0480@gold</id>
		<span>37,39</span>
		<type>Second-Of-Minute</type>
		</entity>

	<entity>
		<id>48@e@APW19980501.0480@gold</id>
		<span>384,388</span>
		<type>Year</type>
		</entity>

	<entity>
		<id>50@e@APW19980501.0480@gold</id>
		<span>141,143</span>
		<type>Month-Of-Year</type>
		</entity>

	<entity>
		<id>51@e@APW19980501.0480@gold</id>
		<span>322,324</span>
		<type>Day-Of-Month</type>
		</entity>

	<entity>
		<id>52@e@APW19980501.0480@gold</id>
		<span>3668,3672</span>
		<type>Year</type>
		</entity>

	<entity>
		<id>53@e@APW19980501.0480@gold</id>
		<span>3517,3523</span>
		<type>Next</type>
		</entity>

	<entity>
		<id>54@e@APW19980501.0480@gold</id>
		<span>81,83</span>
		<type>Hour-Of-Day</type>
		</entity>

	<entity>
		<id>55@e@APW19980501.0480@gold</id>
		<span>31,33</span>
		<type>Hour-Of-Day</type>
		</entity>

	<entity>
		<id>56@e@APW19980501.0480@gold</id>
		<span>23,25</span>
		<type>Day-Of-Month</type>
		</entity>

	<entity>
		<id>59@e@APW19980501.0480@gold</id>
		<span>20,22</span>
		<type>Month-Of-Year</type>
		</entity>

	<entity>
		<id>60@e@APW19980501.0480@gold</id>
		<span>84,86</span>
		<type>Minute-Of-Hour</type>
		</entity>

	<entity>
		<id>61@e@APW19980501.0480@gold</id>
		<span>70,72</span>
		<type>Month-Of-Year</type>
		</entity>

	<entity>
		<id>62@e@APW19980501.0480@gold</id>
		<span>73,75</span>
		<type>Day-Of-Month</type>
		</entity>

	<entity>
		<id>63@e@APW19980501.0480@gold</id>
		<span>326,330</span>
		<type>Year</type>
		</entity>

	<entity>
		<id>64@e@APW19980501.0480@gold</id>
		<span>76,80</span>
		<type>Year</type>
		</entity>

	<entity>
		<id>66@e@APW19980501.0480@gold</id>
		<span>26,30</span>
		<type>Year</type>
		</entity>

	<entity>
		<id>67@e@APW19980501.0480@gold</id>
		<span>316,321</span>
		<type>Month-Of-Year</type>
		</entity>

	<entity>
		<id>68@e@APW19980501.0480@gold</id>
		<span>666,670</span>
		<type>This</type>
		</entity>

	<entity>
		<id>69@e@APW19980501.0480@gold</id>
		<span>3861,3864</span>
		<type>Time-Zone</type>
		</entity>

	<entity>
		<id>70@e@APW19980501.0480@gold</id>
		<span>3859,3861</span>
		<type>Minute-Of-Hour</type>
		</entity>

	<entity>
		<id>71@e@APW19980501.0480@gold</id>
		<span>3857,3859</span>
		<type>Hour-Of-Day</type>
		</entity>

	<entity>
		<id>72@e@APW19980501.0480@gold</id>
		<span>3851,3853</span>
		<type>Day-Of-Month</type>
		</entity>

	<entity>
		<id>73@e@APW19980501.0480@gold</id>
		<span>3848,3850</span>
		<type>Month-Of-Year</type>
		</entity>

	<entity>
		<id>74@e@APW19980501.0480@gold</id>
		<span>3854,3856</span>
		<type>Two-Digit-Year</type>
		</entity>

</annotations>

</data>