<?xml version='1.0' encoding='UTF-8'?>
<data>
<info>
  <savetime>10:32:20 19-06-2017</savetime>
  <progress>completed</progress>
</info>

<schema path="./" protocol="file">temporal.schema.xml</schema>

<annotations>
	<entity>
		<id>60@e@VOA19980331.1700.1533@gold</id>
		<span>1724,1731</span>
		<type>Number</type>
		</entity>

	<entity>
		<id>61@e@VOA19980331.1700.1533@gold</id>
		<span>31,33</span>
		<type>Day-Of-Month</type>
		</entity>

	<entity>
		<id>62@e@VOA19980331.1700.1533@gold</id>
		<span>1282,1286</span>
		<type>Period</type>
		</entity>

	<entity>
		<id>65@e@VOA19980331.1700.1533@gold</id>
		<span>29,31</span>
		<type>Month-Of-Year</type>
		</entity>

	<entity>
		<id>66@e@VOA19980331.1700.1533@gold</id>
		<span>2436,2440</span>
		<type>Number</type>
		</entity>

	<entity>
		<id>67@e@VOA19980331.1700.1533@gold</id>
		<span>2309,2313</span>
		<type>Calendar-Interval</type>
		</entity>

	<entity>
		<id>68@e@VOA19980331.1700.1533@gold</id>
		<span>2406,2410</span>
		<type>Number</type>
		</entity>

	<entity>
		<id>70@e@VOA19980331.1700.1533@gold</id>
		<span>25,29</span>
		<type>Year</type>
		</entity>

	<entity>
		<id>71@e@VOA19980331.1700.1533@gold</id>
		<span>2418,2421</span>
		<type>Before</type>
		</entity>

	<entity>
		<id>73@e@VOA19980331.1700.1533@gold</id>
		<span>1780,1783</span>
		<type>Number</type>
		</entity>

	<entity>
		<id>77@e@VOA19980331.1700.1533@gold</id>
		<span>1772,1776</span>
		<type>Period</type>
		</entity>

	<entity>
		<id>78@e@VOA19980331.1700.1533@gold</id>
		<span>1921,1926</span>
		<type>Period</type>
		</entity>

	<entity>
		<id>79@e@VOA19980331.1700.1533@gold</id>
		<span>1767,1769</span>
		<type>After</type>
		</entity>

	<entity>
		<id>80@e@VOA19980331.1700.1533@gold</id>
		<span>1350,1360</span>
		<type>Number</type>
		</entity>

	<entity>
		<id>81@e@VOA19980331.1700.1533@gold</id>
		<span>1719,1723</span>
		<type>Last</type>
		</entity>

	<entity>
		<id>82@e@VOA19980331.1700.1533@gold</id>
		<span>1912,1916</span>
		<type>Next</type>
		</entity>

	<entity>
		<id>83@e@VOA19980331.1700.1533@gold</id>
		<span>333,342</span>
		<type>This</type>
		</entity>

	<entity>
		<id>84@e@VOA19980331.1700.1533@gold</id>
		<span>450,457</span>
		<type>This</type>
		</entity>

	<entity>
		<id>85@e@VOA19980331.1700.1533@gold</id>
		<span>1692,1699</span>
		<type>This</type>
		</entity>

	<entity>
		<id>87@e@VOA19980331.1700.1533@gold</id>
		<span>2537,2542</span>
		<type>Calendar-Interval</type>
		</entity>

	<entity>
		<id>88@e@VOA19980331.1700.1533@gold</id>
		<span>90,98</span>
		<type>Last</type>
		</entity>

	<entity>
		<id>90@e@VOA19980331.1700.1533@gold</id>
		<span>1361,1365</span>
		<type>Period</type>
		</entity>

	<entity>
		<id>91@e@VOA19980331.1700.1533@gold</id>
		<span>1732,1737</span>
		<type>Period</type>
		</entity>

	<entity>
		<id>93@e@VOA19980331.1700.1533@gold</id>
		<span>2109,2114</span>
		<type>Period</type>
		</entity>

	<entity>
		<id>94@e@VOA19980331.1700.1533@gold</id>
		<span>2252,2264</span>
		<type>Number</type>
		</entity>

	<entity>
		<id>95@e@VOA19980331.1700.1533@gold</id>
		<span>2265,2273</span>
		<type>Frequency</type>
		</entity>

	<entity>
		<id>96@e@VOA19980331.1700.1533@gold</id>
		<span>2246,2251</span>
		<type>Modifier</type>
		</entity>

	<entity>
		<id>97@e@VOA19980331.1700.1533@gold</id>
		<span>2411,2417</span>
		<type>Period</type>
		</entity>

	<entity>
		<id>98@e@VOA19980331.1700.1533@gold</id>
		<span>2441,2447</span>
		<type>Period</type>
		</entity>

</annotations>

</data>