<?xml version='1.0' encoding='UTF-8'?>
<data>
<info>
  <savetime>20:11:17 11-06-2017</savetime>
  <progress>completed</progress>
</info>

<schema path="./" protocol="file">temporal.schema.xml</schema>

<annotations>
	<entity>
		<id>24@e@wsj_0159@gold</id>
		<span>13,15</span>
		<type>Month-Of-Year</type>
		</entity>

	<entity>
		<id>25@e@wsj_0159@gold</id>
		<span>1106,1108</span>
		<type>Day-Of-Month</type>
		</entity>

	<entity>
		<id>26@e@wsj_0159@gold</id>
		<span>1101,1105</span>
		<type>Month-Of-Year</type>
		</entity>

	<entity>
		<id>27@e@wsj_0159@gold</id>
		<span>158,160</span>
		<type>Month-Of-Year</type>
		</entity>

	<entity>
		<id>28@e@wsj_0159@gold</id>
		<span>161,163</span>
		<type>Day-Of-Month</type>
		</entity>

	<entity>
		<id>30@e@wsj_0159@gold</id>
		<span>16,18</span>
		<type>Day-Of-Month</type>
		</entity>

	<entity>
		<id>31@e@wsj_0159@gold</id>
		<span>432,434</span>
		<type>Day-Of-Month</type>
		</entity>

	<entity>
		<id>32@e@wsj_0159@gold</id>
		<span>541,550</span>
		<type>Calendar-Interval</type>
		</entity>

	<entity>
		<id>33@e@wsj_0159@gold</id>
		<span>164,166</span>
		<type>Two-Digit-Year</type>
		</entity>

	<entity>
		<id>34@e@wsj_0159@gold</id>
		<span>19,21</span>
		<type>Two-Digit-Year</type>
		</entity>

	<entity>
		<id>35@e@wsj_0159@gold</id>
		<span>427,431</span>
		<type>Month-Of-Year</type>
		</entity>

	</annotations>

</data>