<?xml version='1.0' encoding='UTF-8'?>
<data>
<info>
  <savetime>15:16:45 24-05-2017</savetime>
  <progress>completed</progress>
</info>

<schema path="./" protocol="file">temporal.schema.xml</schema>

<annotations>
	<entity>
		<id>27@e@VOA19980303.1600.0917@gold</id>
		<span>607,611</span>
		<type>Period</type>
		</entity>

	<entity>
		<id>28@e@VOA19980303.1600.0917@gold</id>
		<span>31,33</span>
		<type>Day-Of-Month</type>
		</entity>

	<entity>
		<id>29@e@VOA19980303.1600.0917@gold</id>
		<span>334,337</span>
		<type>Number</type>
		</entity>

	<entity>
		<id>30@e@VOA19980303.1600.0917@gold</id>
		<span>397,401</span>
		<type>This</type>
		</entity>

	<entity>
		<id>31@e@VOA19980303.1600.0917@gold</id>
		<span>402,406</span>
		<type>Calendar-Interval</type>
		</entity>

	<entity>
		<id>32@e@VOA19980303.1600.0917@gold</id>
		<span>29,31</span>
		<type>Month-Of-Year</type>
		</entity>

	<entity>
		<id>33@e@VOA19980303.1600.0917@gold</id>
		<span>524,527</span>
		<type>Number</type>
		</entity>

	<entity>
		<id>34@e@VOA19980303.1600.0917@gold</id>
		<span>528,531</span>
		<type>Period</type>
		</entity>

	<entity>
		<id>35@e@VOA19980303.1600.0917@gold</id>
		<span>603,606</span>
		<type>Number</type>
		</entity>

	<entity>
		<id>37@e@VOA19980303.1600.0917@gold</id>
		<span>508,515</span>
		<type>Day-Of-Week</type>
		</entity>

	<entity>
		<id>38@e@VOA19980303.1600.0917@gold</id>
		<span>25,29</span>
		<type>Year</type>
		</entity>

	<entity>
		<id>39@e@VOA19980303.1600.0917@gold</id>
		<span>338,341</span>
		<type>Period</type>
		</entity>

	<entity>
		<id>40@e@VOA19980303.1600.0917@gold</id>
		<span>502,507</span>
		<type>Modifier</type>
		</entity>

</annotations>

</data>