<?xml version='1.0' encoding='UTF-8'?>
<data>
<info>
  <savetime>12:34:27 22-05-2017</savetime>
  <progress>completed</progress>
</info>

<schema path="./" protocol="file">temporal.schema.xml</schema>

<annotations>
	<entity>
		<id>75@e@NYT19980206.0466@gold</id>
		<span>149,151</span>
		<type>Day-Of-Month</type>
		</entity>

	<entity>
		<id>76@e@NYT19980206.0466@gold</id>
		<span>146,148</span>
		<type>Month-Of-Year</type>
		</entity>

	<entity>
		<id>77@e@NYT19980206.0466@gold</id>
		<span>34,36</span>
		<type>Minute-Of-Hour</type>
		</entity>

	<entity>
		<id>78@e@NYT19980206.0466@gold</id>
		<span>37,39</span>
		<type>Second-Of-Minute</type>
		</entity>

	<entity>
		<id>79@e@NYT19980206.0466@gold</id>
		<span>87,89</span>
		<type>Second-Of-Minute</type>
		</entity>

	<entity>
		<id>80@e@NYT19980206.0466@gold</id>
		<span>84,86</span>
		<type>Minute-Of-Hour</type>
		</entity>

	<entity>
		<id>81@e@NYT19980206.0466@gold</id>
		<span>31,33</span>
		<type>Hour-Of-Day</type>
		</entity>

	<entity>
		<id>82@e@NYT19980206.0466@gold</id>
		<span>81,83</span>
		<type>Hour-Of-Day</type>
		</entity>

	<entity>
		<id>83@e@NYT19980206.0466@gold</id>
		<span>20,22</span>
		<type>Month-Of-Year</type>
		</entity>

	<entity>
		<id>84@e@NYT19980206.0466@gold</id>
		<span>70,72</span>
		<type>Month-Of-Year</type>
		</entity>

	<entity>
		<id>85@e@NYT19980206.0466@gold</id>
		<span>23,25</span>
		<type>Day-Of-Month</type>
		</entity>

	<entity>
		<id>86@e@NYT19980206.0466@gold</id>
		<span>73,75</span>
		<type>Day-Of-Month</type>
		</entity>

	<entity>
		<id>87@e@NYT19980206.0466@gold</id>
		<span>76,80</span>
		<type>Year</type>
		</entity>

	<entity>
		<id>88@e@NYT19980206.0466@gold</id>
		<span>26,30</span>
		<type>Year</type>
		</entity>

	<entity>
		<id>89@e@NYT19980206.0466@gold</id>
		<span>232,236</span>
		<type>Year</type>
		</entity>

	<entity>
		<id>90@e@NYT19980206.0466@gold</id>
		<span>316,322</span>
		<type>Day-Of-Week</type>
		</entity>

	<entity>
		<id>91@e@NYT19980206.0466@gold</id>
		<span>327,335</span>
		<type>Day-Of-Week</type>
		</entity>

	<entity>
		<id>94@e@NYT19980206.0466@gold</id>
		<span>538,544</span>
		<type>Day-Of-Week</type>
		</entity>

	<entity>
		<id>96@e@NYT19980206.0466@gold</id>
		<span>323,326</span>
		<type>Union</type>
		</entity>

	<entity>
		<id>97@e@NYT19980206.0466@gold</id>
		<span>618,626</span>
		<type>Day-Of-Week</type>
		</entity>

	<entity>
		<id>99@e@NYT19980206.0466@gold</id>
		<span>895,903</span>
		<type>Day-Of-Week</type>
		</entity>

	<entity>
		<id>101@e@NYT19980206.0466@gold</id>
		<span>919,922</span>
		<type>Number</type>
		</entity>

	<entity>
		<id>102@e@NYT19980206.0466@gold</id>
		<span>923,928</span>
		<type>Period</type>
		</entity>

	<entity>
		<id>103@e@NYT19980206.0466@gold</id>
		<span>914,918</span>
		<type>Last</type>
		</entity>

	<entity>
		<id>104@e@NYT19980206.0466@gold</id>
		<span>1104,1110</span>
		<type>Day-Of-Week</type>
		</entity>

	<entity>
		<id>106@e@NYT19980206.0466@gold</id>
		<span>1480,1486</span>
		<type>Day-Of-Week</type>
		</entity>

	<entity>
		<id>108@e@NYT19980206.0466@gold</id>
		<span>1584,1589</span>
		<type>Calendar-Interval</type>
		</entity>

	<entity>
		<id>110@e@NYT19980206.0466@gold</id>
		<span>1657,1664</span>
		<type>Part-Of-Day</type>
		</entity>

	<entity>
		<id>111@e@NYT19980206.0466@gold</id>
		<span>1652,1656</span>
		<type>This</type>
		</entity>

	<entity>
		<id>112@e@NYT19980206.0466@gold</id>
		<span>1750,1753</span>
		<type>Time-Zone</type>
		</entity>

	<entity>
		<id>113@e@NYT19980206.0466@gold</id>
		<span>1748,1750</span>
		<type>Minute-Of-Hour</type>
		</entity>

	<entity>
		<id>114@e@NYT19980206.0466@gold</id>
		<span>1746,1748</span>
		<type>Hour-Of-Day</type>
		</entity>

	<entity>
		<id>115@e@NYT19980206.0466@gold</id>
		<span>1740,1742</span>
		<type>Day-Of-Month</type>
		</entity>

	<entity>
		<id>116@e@NYT19980206.0466@gold</id>
		<span>1737,1739</span>
		<type>Month-Of-Year</type>
		</entity>

	<entity>
		<id>117@e@NYT19980206.0466@gold</id>
		<span>1743,1745</span>
		<type>Two-Digit-Year</type>
		</entity>

	<entity>
		<id>118@e@NYT19980206.0466@gold</id>
		<span>1056,1062</span>
		<type>Last</type>
		</entity>

</annotations>

</data>