<?xml version='1.0' encoding='UTF-8'?>
<data>
<info>
  <savetime>14:42:05 24-05-2017</savetime>
  <progress>completed</progress>
</info>

<schema path="./" protocol="file">temporal.schema.xml</schema>

<annotations>
	<entity>
		<id>55@e@NYT19980424.0421@gold</id>
		<span>252,256</span>
		<type>Year</type>
		</entity>

	<entity>
		<id>56@e@NYT19980424.0421@gold</id>
		<span>2725,2728</span>
		<type>Time-Zone</type>
		</entity>

	<entity>
		<id>57@e@NYT19980424.0421@gold</id>
		<span>2723,2725</span>
		<type>Minute-Of-Hour</type>
		</entity>

	<entity>
		<id>58@e@NYT19980424.0421@gold</id>
		<span>2721,2723</span>
		<type>Hour-Of-Day</type>
		</entity>

	<entity>
		<id>59@e@NYT19980424.0421@gold</id>
		<span>34,36</span>
		<type>Minute-Of-Hour</type>
		</entity>

	<entity>
		<id>60@e@NYT19980424.0421@gold</id>
		<span>37,39</span>
		<type>Second-Of-Minute</type>
		</entity>

	<entity>
		<id>61@e@NYT19980424.0421@gold</id>
		<span>455,458</span>
		<type>Number</type>
		</entity>

	<entity>
		<id>62@e@NYT19980424.0421@gold</id>
		<span>393,397</span>
		<type>Calendar-Interval</type>
		</entity>

	<entity>
		<id>63@e@NYT19980424.0421@gold</id>
		<span>388,392</span>
		<type>This</type>
		</entity>

	<entity>
		<id>64@e@NYT19980424.0421@gold</id>
		<span>352,354</span>
		<type>Day-Of-Month</type>
		</entity>

	<entity>
		<id>65@e@NYT19980424.0421@gold</id>
		<span>84,86</span>
		<type>Minute-Of-Hour</type>
		</entity>

	<entity>
		<id>66@e@NYT19980424.0421@gold</id>
		<span>87,89</span>
		<type>Second-Of-Minute</type>
		</entity>

	<entity>
		<id>67@e@NYT19980424.0421@gold</id>
		<span>146,148</span>
		<type>Month-Of-Year</type>
		</entity>

	<entity>
		<id>68@e@NYT19980424.0421@gold</id>
		<span>149,151</span>
		<type>Day-Of-Month</type>
		</entity>

	<entity>
		<id>69@e@NYT19980424.0421@gold</id>
		<span>346,351</span>
		<type>Month-Of-Year</type>
		</entity>

	<entity>
		<id>70@e@NYT19980424.0421@gold</id>
		<span>336,344</span>
		<type>Day-Of-Week</type>
		</entity>

	<entity>
		<id>71@e@NYT19980424.0421@gold</id>
		<span>81,83</span>
		<type>Hour-Of-Day</type>
		</entity>

	<entity>
		<id>72@e@NYT19980424.0421@gold</id>
		<span>31,33</span>
		<type>Hour-Of-Day</type>
		</entity>

	<entity>
		<id>74@e@NYT19980424.0421@gold</id>
		<span>20,22</span>
		<type>Month-Of-Year</type>
		</entity>

	<entity>
		<id>75@e@NYT19980424.0421@gold</id>
		<span>73,75</span>
		<type>Day-Of-Month</type>
		</entity>

	<entity>
		<id>76@e@NYT19980424.0421@gold</id>
		<span>70,72</span>
		<type>Month-Of-Year</type>
		</entity>

	<entity>
		<id>77@e@NYT19980424.0421@gold</id>
		<span>23,25</span>
		<type>Day-Of-Month</type>
		</entity>

	<entity>
		<id>78@e@NYT19980424.0421@gold</id>
		<span>2712,2714</span>
		<type>Month-Of-Year</type>
		</entity>

	<entity>
		<id>79@e@NYT19980424.0421@gold</id>
		<span>2715,2717</span>
		<type>Day-Of-Month</type>
		</entity>

	<entity>
		<id>80@e@NYT19980424.0421@gold</id>
		<span>2718,2720</span>
		<type>Two-Digit-Year</type>
		</entity>

	<entity>
		<id>81@e@NYT19980424.0421@gold</id>
		<span>76,80</span>
		<type>Year</type>
		</entity>

	<entity>
		<id>82@e@NYT19980424.0421@gold</id>
		<span>26,30</span>
		<type>Year</type>
		</entity>

	<entity>
		<id>83@e@NYT19980424.0421@gold</id>
		<span>465,468</span>
		<type>Before</type>
		</entity>

	<entity>
		<id>85@e@NYT19980424.0421@gold</id>
		<span>459,464</span>
		<type>Period</type>
		</entity>

	<entity>
		<id>87@e@NYT19980424.0421@gold</id>
		<span>1717,1722</span>
		<type>This</type>
		</entity>

	<entity>
		<id>89@e@NYT19980424.0421@gold</id>
		<span>2485,2492</span>
		<type>This</type>
		</entity>

</annotations>

</data>