<?xml version='1.0' encoding='UTF-8'?>
<data>
<info>
  <savetime>15:29:39 24-05-2017</savetime>
  <progress>completed</progress>
</info>

<schema path="./" protocol="file">temporal.schema.xml</schema>

<annotations>
	<entity>
		<id>47@e@VOA19980303.1600.2745@gold</id>
		<span>1237,1241</span>
		<type>This</type>
		</entity>

	<entity>
		<id>48@e@VOA19980303.1600.2745@gold</id>
		<span>2980,2984</span>
		<type>Last</type>
		</entity>

	<entity>
		<id>49@e@VOA19980303.1600.2745@gold</id>
		<span>31,33</span>
		<type>Day-Of-Month</type>
		</entity>

	<entity>
		<id>50@e@VOA19980303.1600.2745@gold</id>
		<span>2906,2909</span>
		<type>This</type>
		</entity>

	<entity>
		<id>51@e@VOA19980303.1600.2745@gold</id>
		<span>703,711</span>
		<type>Last</type>
		</entity>

	<entity>
		<id>52@e@VOA19980303.1600.2745@gold</id>
		<span>980,984</span>
		<type>Last</type>
		</entity>

	<entity>
		<id>53@e@VOA19980303.1600.2745@gold</id>
		<span>985,989</span>
		<type>Calendar-Interval</type>
		</entity>

	<entity>
		<id>54@e@VOA19980303.1600.2745@gold</id>
		<span>1126,1133</span>
		<type>Period</type>
		</entity>

	<entity>
		<id>55@e@VOA19980303.1600.2745@gold</id>
		<span>29,31</span>
		<type>Month-Of-Year</type>
		</entity>

	<entity>
		<id>56@e@VOA19980303.1600.2745@gold</id>
		<span>1242,1246</span>
		<type>Calendar-Interval</type>
		</entity>

	<entity>
		<id>57@e@VOA19980303.1600.2745@gold</id>
		<span>2806,2810</span>
		<type>Calendar-Interval</type>
		</entity>

	<entity>
		<id>58@e@VOA19980303.1600.2745@gold</id>
		<span>2801,2805</span>
		<type>Last</type>
		</entity>

	<entity>
		<id>60@e@VOA19980303.1600.2745@gold</id>
		<span>25,29</span>
		<type>Year</type>
		</entity>

	<entity>
		<id>61@e@VOA19980303.1600.2745@gold</id>
		<span>391,395</span>
		<type>Last</type>
		</entity>

	<entity>
		<id>63@e@VOA19980303.1600.2745@gold</id>
		<span>1850,1854</span>
		<type>Modifier</type>
		</entity>

	<entity>
		<id>64@e@VOA19980303.1600.2745@gold</id>
		<span>1870,1873</span>
		<type>Frequency</type>
		</entity>

	<entity>
		<id>65@e@VOA19980303.1600.2745@gold</id>
		<span>1855,1869</span>
		<type>Number</type>
		</entity>

	<entity>
		<id>70@e@VOA19980303.1600.2745@gold</id>
		<span>1220,1228</span>
		<type>Two-Digit-Year</type>
		</entity>

	<entity>
		<id>71@e@VOA19980303.1600.2745@gold</id>
		<span>2237,2249</span>
		<type>Year</type>
		</entity>

	<entity>
		<id>72@e@VOA19980303.1600.2745@gold</id>
		<span>396,400</span>
		<type>Period</type>
		</entity>

	<entity>
		<id>73@e@VOA19980303.1600.2745@gold</id>
		<span>1876,1880</span>
		<type>Calendar-Interval</type>
		</entity>

</annotations>

</data>