<?xml version='1.0' encoding='UTF-8'?>
<data>
<info>
  <savetime>15:55:39 19-05-2017</savetime>
  <progress>completed</progress>
</info>

<schema path="./" protocol="file">temporal.schema.xml</schema>

<annotations>
	<entity>
		<id>40@e@ABC19980114.1830.0611@gold</id>
		<span>86,91</span>
		<type>Calendar-Interval</type>
		</entity>

	<entity>
		<id>42@e@ABC19980114.1830.0611@gold</id>
		<span>575,581</span>
		<type>Period</type>
		</entity>

	<entity>
		<id>44@e@ABC19980114.1830.0611@gold</id>
		<span>588,592</span>
		<type>Number</type>
		</entity>

	<entity>
		<id>45@e@ABC19980114.1830.0611@gold</id>
		<span>593,598</span>
		<type>After</type>
		</entity>

	<entity>
		<id>46@e@ABC19980114.1830.0611@gold</id>
		<span>582,585</span>
		<type>Sum</type>
		</entity>

	<entity>
		<id>47@e@ABC19980114.1830.0611@gold</id>
		<span>173,178</span>
		<type>Part-Of-Day</type>
		</entity>

	<entity>
		<id>49@e@ABC19980114.1830.0611@gold</id>
		<span>169,172</span>
		<type>This</type>
		</entity>

	<entity>
		<id>50@e@ABC19980114.1830.0611@gold</id>
		<span>31,33</span>
		<type>Day-Of-Month</type>
		</entity>

	<entity>
		<id>51@e@ABC19980114.1830.0611@gold</id>
		<span>29,31</span>
		<type>Month-Of-Year</type>
		</entity>

	<entity>
		<id>52@e@ABC19980114.1830.0611@gold</id>
		<span>25,29</span>
		<type>Year</type>
		</entity>

</annotations>

</data>