<?xml version='1.0' encoding='UTF-8'?>
<data>
<info>
  <savetime>12:28:59 19-06-2017</savetime>
  <progress>completed</progress>
</info>

<schema path="./" protocol="file">temporal.schema.xml</schema>

<annotations>
	<entity>
		<id>46@e@wsj_0344@gold</id>
		<span>570,574</span>
		<type>Calendar-Interval</type>
		<addition>
			<adjudication>gold</adjudication>
		</addition>
	</entity>

	<entity>
		<id>47@e@wsj_0344@gold</id>
		<span>12,14</span>
		<type>Month-Of-Year</type>
		</entity>

	<entity>
		<id>48@e@wsj_0344@gold</id>
		<span>1733,1737</span>
		<type>Calendar-Interval</type>
		<addition>
			<adjudication>gold</adjudication>
		</addition>
	</entity>

	<entity>
		<id>49@e@wsj_0344@gold</id>
		<span>126,128</span>
		<type>Month-Of-Year</type>
		</entity>

	<entity>
		<id>50@e@wsj_0344@gold</id>
		<span>129,131</span>
		<type>Day-Of-Month</type>
		</entity>

	<entity>
		<id>51@e@wsj_0344@gold</id>
		<span>1728,1732</span>
		<type>Last</type>
		<addition>
			<adjudication>gold</adjudication>
		</addition>
	</entity>

	<entity>
		<id>52@e@wsj_0344@gold</id>
		<span>1547,1551</span>
		<type>Calendar-Interval</type>
		</entity>

	<entity>
		<id>53@e@wsj_0344@gold</id>
		<span>435,442</span>
		<type>Calendar-Interval</type>
		<addition>
			<adjudication>gold</adjudication>
		</addition>
	</entity>

	<entity>
		<id>54@e@wsj_0344@gold</id>
		<span>1539,1546</span>
		<type>This</type>
		</entity>

	<entity>
		<id>55@e@wsj_0344@gold</id>
		<span>449,454</span>
		<type>Month-Of-Year</type>
		</entity>

	<entity>
		<id>56@e@wsj_0344@gold</id>
		<span>455,457</span>
		<type>Day-Of-Month</type>
		</entity>

	<entity>
		<id>58@e@wsj_0344@gold</id>
		<span>565,569</span>
		<type>Last</type>
		<addition>
			<adjudication>gold</adjudication>
		</addition>
	</entity>

	<entity>
		<id>59@e@wsj_0344@gold</id>
		<span>15,17</span>
		<type>Day-Of-Month</type>
		</entity>

	<entity>
		<id>60@e@wsj_0344@gold</id>
		<span>576,580</span>
		<type>This</type>
		</entity>

	<entity>
		<id>61@e@wsj_0344@gold</id>
		<span>581,588</span>
		<type>Calendar-Interval</type>
		</entity>

	<entity>
		<id>62@e@wsj_0344@gold</id>
		<span>1359,1363</span>
		<type>This</type>
		<addition>
			<adjudication>gold</adjudication>
		</addition>
	</entity>

	<entity>
		<id>63@e@wsj_0344@gold</id>
		<span>1364,1368</span>
		<type>Calendar-Interval</type>
		<addition>
			<adjudication>gold</adjudication>
		</addition>
	</entity>

	<entity>
		<id>64@e@wsj_0344@gold</id>
		<span>1432,1436</span>
		<type>Calendar-Interval</type>
		</entity>

	<entity>
		<id>65@e@wsj_0344@gold</id>
		<span>1377,1384</span>
		<type>Calendar-Interval</type>
		<addition>
			<adjudication>gold</adjudication>
		</addition>
	</entity>

	<entity>
		<id>66@e@wsj_0344@gold</id>
		<span>1427,1431</span>
		<type>Last</type>
		</entity>

	<entity>
		<id>67@e@wsj_0344@gold</id>
		<span>1740,1747</span>
		<type>Calendar-Interval</type>
		<addition>
			<adjudication>gold</adjudication>
		</addition>
	</entity>

	<entity>
		<id>68@e@wsj_0344@gold</id>
		<span>1371,1376</span>
		<type>NthFromStart</type>
		<addition>
			<adjudication>gold</adjudication>
		</addition>
	</entity>

	<entity>
		<id>70@e@wsj_0344@gold</id>
		<span>429,434</span>
		<type>NthFromStart</type>
		<addition>
			<adjudication>gold</adjudication>
		</addition>
	</entity>

	<entity>
		<id>71@e@wsj_0344@gold</id>
		<span>132,134</span>
		<type>Two-Digit-Year</type>
		</entity>

	<entity>
		<id>72@e@wsj_0344@gold</id>
		<span>18,20</span>
		<type>Two-Digit-Year</type>
		</entity>

	<entity>
		<id>76@e@wsj_0344@gold</id>
		<span>544,557</span>
		<type>NthFromStart</type>
		<addition>
			<adjudication>gold</adjudication>
		</addition>
	</entity>

	<entity>
		<id>77@e@wsj_0344@gold</id>
		<span>558,564</span>
		<type>Calendar-Interval</type>
		<addition>
			<adjudication>gold</adjudication>
		</addition>
	</entity>

</annotations>

</data>