<?xml version='1.0' encoding='UTF-8'?>
<data>
<info>
  <savetime>12:19:34 19-06-2017</savetime>
  <progress>completed</progress>
</info>

<schema path="./" protocol="file">temporal.schema.xml</schema>

<annotations>
	<entity>
		<id>32@e@wsj_0132@gold</id>
		<span>12,14</span>
		<type>Month-Of-Year</type>
		</entity>

	<entity>
		<id>33@e@wsj_0132@gold</id>
		<span>839,843</span>
		<type>Calendar-Interval</type>
		</entity>

	<entity>
		<id>34@e@wsj_0132@gold</id>
		<span>834,838</span>
		<type>Last</type>
		</entity>

	<entity>
		<id>35@e@wsj_0132@gold</id>
		<span>642,649</span>
		<type>Calendar-Interval</type>
		</entity>

	<entity>
		<id>36@e@wsj_0132@gold</id>
		<span>148,150</span>
		<type>Month-Of-Year</type>
		</entity>

	<entity>
		<id>37@e@wsj_0132@gold</id>
		<span>151,153</span>
		<type>Day-Of-Month</type>
		</entity>

	<entity>
		<id>38@e@wsj_0132@gold</id>
		<span>635,641</span>
		<type>Last</type>
		</entity>

	<entity>
		<id>39@e@wsj_0132@gold</id>
		<span>15,17</span>
		<type>Day-Of-Month</type>
		</entity>

	<entity>
		<id>40@e@wsj_0132@gold</id>
		<span>249,256</span>
		<type>Calendar-Interval</type>
		</entity>

	<entity>
		<id>41@e@wsj_0132@gold</id>
		<span>541,545</span>
		<type>Period</type>
		</entity>

	<entity>
		<id>42@e@wsj_0132@gold</id>
		<span>546,549</span>
		<type>Before</type>
		</entity>

	<entity>
		<id>43@e@wsj_0132@gold</id>
		<span>243,248</span>
		<type>NthFromStart</type>
		</entity>

	<entity>
		<id>44@e@wsj_0132@gold</id>
		<span>154,156</span>
		<type>Two-Digit-Year</type>
		</entity>

	<entity>
		<id>45@e@wsj_0132@gold</id>
		<span>18,20</span>
		<type>Two-Digit-Year</type>
		</entity>

	<entity>
		<id>46@e@wsj_0132@gold</id>
		<span>95,100</span>
		<type>NthFromStart</type>
		</entity>

	<entity>
		<id>48@e@wsj_0132@gold</id>
		<span>101,107</span>
		<type>Period</type>
		<addition>
			<adjudication>gold</adjudication>
		</addition>
	</entity>

</annotations>

</data>