<?xml version='1.0' encoding='UTF-8'?>
<data>
<info>
  <savetime>10:36:57 20-05-2017</savetime>
  <progress>completed</progress>
</info>

<schema path="./" protocol="file">temporal.schema.xml</schema>

<annotations>
	<entity>
		<id>51@e@APW19980227.0489@gold</id>
		<span>1522,1525</span>
		<type>Time-Zone</type>
		</entity>

	<entity>
		<id>52@e@APW19980227.0489@gold</id>
		<span>574,579</span>
		<type>Month-Of-Year</type>
		</entity>

	<entity>
		<id>53@e@APW19980227.0489@gold</id>
		<span>374,378</span>
		<type>Number</type>
		</entity>

	<entity>
		<id>54@e@APW19980227.0489@gold</id>
		<span>34,36</span>
		<type>Minute-Of-Hour</type>
		</entity>

	<entity>
		<id>55@e@APW19980227.0489@gold</id>
		<span>37,39</span>
		<type>Second-Of-Minute</type>
		</entity>

	<entity>
		<id>56@e@APW19980227.0489@gold</id>
		<span>580,581</span>
		<type>Day-Of-Month</type>
		</entity>

	<entity>
		<id>57@e@APW19980227.0489@gold</id>
		<span>951,956</span>
		<type>Period</type>
		</entity>

	<entity>
		<id>58@e@APW19980227.0489@gold</id>
		<span>945,950</span>
		<type>Number</type>
		</entity>

	<entity>
		<id>59@e@APW19980227.0489@gold</id>
		<span>1520,1522</span>
		<type>Minute-Of-Hour</type>
		</entity>

	<entity>
		<id>60@e@APW19980227.0489@gold</id>
		<span>84,86</span>
		<type>Minute-Of-Hour</type>
		</entity>

	<entity>
		<id>61@e@APW19980227.0489@gold</id>
		<span>87,89</span>
		<type>Second-Of-Minute</type>
		</entity>

	<entity>
		<id>62@e@APW19980227.0489@gold</id>
		<span>133,135</span>
		<type>Month-Of-Year</type>
		</entity>

	<entity>
		<id>63@e@APW19980227.0489@gold</id>
		<span>136,138</span>
		<type>Day-Of-Month</type>
		</entity>

	<entity>
		<id>64@e@APW19980227.0489@gold</id>
		<span>264,270</span>
		<type>Day-Of-Week</type>
		</entity>

	<entity>
		<id>65@e@APW19980227.0489@gold</id>
		<span>1518,1520</span>
		<type>Hour-Of-Day</type>
		</entity>

	<entity>
		<id>66@e@APW19980227.0489@gold</id>
		<span>31,33</span>
		<type>Hour-Of-Day</type>
		</entity>

	<entity>
		<id>67@e@APW19980227.0489@gold</id>
		<span>81,83</span>
		<type>Hour-Of-Day</type>
		</entity>

	<entity>
		<id>69@e@APW19980227.0489@gold</id>
		<span>1509,1511</span>
		<type>Month-Of-Year</type>
		</entity>

	<entity>
		<id>70@e@APW19980227.0489@gold</id>
		<span>385,388</span>
		<type>Before</type>
		</entity>

	<entity>
		<id>71@e@APW19980227.0489@gold</id>
		<span>23,25</span>
		<type>Day-Of-Month</type>
		</entity>

	<entity>
		<id>72@e@APW19980227.0489@gold</id>
		<span>70,72</span>
		<type>Month-Of-Year</type>
		</entity>

	<entity>
		<id>73@e@APW19980227.0489@gold</id>
		<span>1515,1517</span>
		<type>Two-Digit-Year</type>
		</entity>

	<entity>
		<id>74@e@APW19980227.0489@gold</id>
		<span>73,75</span>
		<type>Day-Of-Month</type>
		</entity>

	<entity>
		<id>75@e@APW19980227.0489@gold</id>
		<span>1512,1514</span>
		<type>Day-Of-Month</type>
		</entity>

	<entity>
		<id>76@e@APW19980227.0489@gold</id>
		<span>20,22</span>
		<type>Month-Of-Year</type>
		</entity>

	<entity>
		<id>77@e@APW19980227.0489@gold</id>
		<span>379,384</span>
		<type>Period</type>
		</entity>

	<entity>
		<id>78@e@APW19980227.0489@gold</id>
		<span>76,80</span>
		<type>Year</type>
		</entity>

	<entity>
		<id>79@e@APW19980227.0489@gold</id>
		<span>583,587</span>
		<type>Year</type>
		</entity>

	<entity>
		<id>80@e@APW19980227.0489@gold</id>
		<span>26,30</span>
		<type>Year</type>
		</entity>

	<entity>
		<id>81@e@APW19980227.0489@gold</id>
		<span>367,373</span>
		<type>Modifier</type>
		</entity>

	<entity>
		<id>82@e@APW19980227.0489@gold</id>
		<span>1275,1279</span>
		<type>Period</type>
		</entity>

	</annotations>

</data>