<?xml version='1.0' encoding='UTF-8'?>
<data>
<info>
  <savetime>19:41:52 11-06-2017</savetime>
  <progress>completed</progress>
</info>

<schema path="./" protocol="file">temporal.schema.xml</schema>

<annotations>
	<entity>
		<id>8@e@ea980120.1830.0456@gold</id>
		<span>26,28</span>
		<type>Day-Of-Month</type>
		</entity>

	<entity>
		<id>9@e@ea980120.1830.0456@gold</id>
		<span>24,26</span>
		<type>Month-Of-Year</type>
		</entity>

	<entity>
		<id>10@e@ea980120.1830.0456@gold</id>
		<span>22,24</span>
		<type>Two-Digit-Year</type>
		</entity>

	<entity>
		<id>11@e@ea980120.1830.0456@gold</id>
		<span>82,87</span>
		<type>Calendar-Interval</type>
		</entity>

	<entity>
		<id>13@e@ea980120.1830.0456@gold</id>
		<span>235,240</span>
		<type>Part-Of-Day</type>
		</entity>

	<entity>
		<id>14@e@ea980120.1830.0456@gold</id>
		<span>230,234</span>
		<type>Last</type>
		</entity>

	<entity>
		<id>15@e@ea980120.1830.0456@gold</id>
		<span>479,482</span>
		<type>This</type>
		</entity>

</annotations>

</data>