<?xml version='1.0' encoding='UTF-8'?>
<data>
<info>
  <savetime>19:36:15 21-05-2017</savetime>
  <progress>completed</progress>
</info>

<schema path="./" protocol="file">temporal.schema.xml</schema>

<annotations>
	<entity>
		<id>44@e@CNN19980213.2130.0155@gold</id>
		<span>1194,1199</span>
		<type>Calendar-Interval</type>
		</entity>

	<entity>
		<id>45@e@CNN19980213.2130.0155@gold</id>
		<span>2046,2050</span>
		<type>Calendar-Interval</type>
		</entity>

	<entity>
		<id>46@e@CNN19980213.2130.0155@gold</id>
		<span>31,33</span>
		<type>Day-Of-Month</type>
		</entity>

	<entity>
		<id>47@e@CNN19980213.2130.0155@gold</id>
		<span>429,435</span>
		<type>Next</type>
		</entity>

	<entity>
		<id>48@e@CNN19980213.2130.0155@gold</id>
		<span>766,775</span>
		<type>Modifier</type>
		</entity>

	<entity>
		<id>49@e@CNN19980213.2130.0155@gold</id>
		<span>776,779</span>
		<type>Number</type>
		</entity>

	<entity>
		<id>50@e@CNN19980213.2130.0155@gold</id>
		<span>780,784</span>
		<type>Period</type>
		</entity>

	<entity>
		<id>51@e@CNN19980213.2130.0155@gold</id>
		<span>1020,1028</span>
		<type>Day-Of-Week</type>
		</entity>

	<entity>
		<id>53@e@CNN19980213.2130.0155@gold</id>
		<span>29,31</span>
		<type>Month-Of-Year</type>
		</entity>

	<entity>
		<id>55@e@CNN19980213.2130.0155@gold</id>
		<span>1333,1339</span>
		<type>Next</type>
		</entity>

	<entity>
		<id>57@e@CNN19980213.2130.0155@gold</id>
		<span>1700,1706</span>
		<type>Day-Of-Week</type>
		</entity>

	<entity>
		<id>59@e@CNN19980213.2130.0155@gold</id>
		<span>1719,1722</span>
		<type>This</type>
		</entity>

	<entity>
		<id>60@e@CNN19980213.2130.0155@gold</id>
		<span>2041,2045</span>
		<type>Next</type>
		</entity>

	<entity>
		<id>61@e@CNN19980213.2130.0155@gold</id>
		<span>25,29</span>
		<type>Year</type>
		</entity>

	<entity>
		<id>62@e@CNN19980213.2130.0155@gold</id>
		<span>1465,1468</span>
		<type>Calendar-Interval</type>
		</entity>

	<entity>
		<id>63@e@CNN19980213.2130.0155@gold</id>
		<span>1461,1464</span>
		<type>This</type>
		</entity>

	<entity>
		<id>65@e@CNN19980213.2130.0155@gold</id>
		<span>1452,1457</span>
		<type>Next</type>
		</entity>

	<entity>
		<id>68@e@CNN19980213.2130.0155@gold</id>
		<span>1759,1764</span>
		<type>Between</type>
		</entity>

</annotations>

</data>