<?xml version='1.0' encoding='UTF-8'?>
<data>
<info>
  <savetime>10:48:48 20-05-2017</savetime>
  <progress>completed</progress>
</info>

<schema path="./" protocol="file">temporal.schema.xml</schema>

<annotations>
	<entity>
		<id>72@e@APW19980227.0494@gold</id>
		<span>578,584</span>
		<type>Day-Of-Week</type>
		</entity>

	<entity>
		<id>73@e@APW19980227.0494@gold</id>
		<span>4161,4164</span>
		<type>Time-Zone</type>
		</entity>

	<entity>
		<id>74@e@APW19980227.0494@gold</id>
		<span>3341,3345</span>
		<type>Year</type>
		</entity>

	<entity>
		<id>75@e@APW19980227.0494@gold</id>
		<span>34,36</span>
		<type>Minute-Of-Hour</type>
		</entity>

	<entity>
		<id>76@e@APW19980227.0494@gold</id>
		<span>37,39</span>
		<type>Second-Of-Minute</type>
		</entity>

	<entity>
		<id>77@e@APW19980227.0494@gold</id>
		<span>4157,4159</span>
		<type>Hour-Of-Day</type>
		</entity>

	<entity>
		<id>78@e@APW19980227.0494@gold</id>
		<span>3200,3204</span>
		<type>Period</type>
		</entity>

	<entity>
		<id>79@e@APW19980227.0494@gold</id>
		<span>84,86</span>
		<type>Minute-Of-Hour</type>
		</entity>

	<entity>
		<id>80@e@APW19980227.0494@gold</id>
		<span>87,89</span>
		<type>Second-Of-Minute</type>
		</entity>

	<entity>
		<id>81@e@APW19980227.0494@gold</id>
		<span>153,155</span>
		<type>Month-Of-Year</type>
		</entity>

	<entity>
		<id>82@e@APW19980227.0494@gold</id>
		<span>156,158</span>
		<type>Day-Of-Month</type>
		</entity>

	<entity>
		<id>83@e@APW19980227.0494@gold</id>
		<span>3197,3199</span>
		<type>Number</type>
		</entity>

	<entity>
		<id>84@e@APW19980227.0494@gold</id>
		<span>4159,4161</span>
		<type>Minute-Of-Hour</type>
		</entity>

	<entity>
		<id>85@e@APW19980227.0494@gold</id>
		<span>743,752</span>
		<type>Period</type>
		</entity>

	<entity>
		<id>86@e@APW19980227.0494@gold</id>
		<span>1536,1540</span>
		<type>Last</type>
		</entity>

	<entity>
		<id>87@e@APW19980227.0494@gold</id>
		<span>1541,1544</span>
		<type>Month-Of-Year</type>
		</entity>

	<entity>
		<id>89@e@APW19980227.0494@gold</id>
		<span>3155,3159</span>
		<type>Number</type>
		</entity>

	<entity>
		<id>90@e@APW19980227.0494@gold</id>
		<span>3160,3163</span>
		<type>Period</type>
		</entity>

	<entity>
		<id>91@e@APW19980227.0494@gold</id>
		<span>3369,3375</span>
		<type>Day-Of-Week</type>
		</entity>

	<entity>
		<id>92@e@APW19980227.0494@gold</id>
		<span>81,83</span>
		<type>Hour-Of-Day</type>
		</entity>

	<entity>
		<id>93@e@APW19980227.0494@gold</id>
		<span>31,33</span>
		<type>Hour-Of-Day</type>
		</entity>

	<entity>
		<id>96@e@APW19980227.0494@gold</id>
		<span>70,72</span>
		<type>Month-Of-Year</type>
		</entity>

	<entity>
		<id>97@e@APW19980227.0494@gold</id>
		<span>23,25</span>
		<type>Day-Of-Month</type>
		</entity>

	<entity>
		<id>98@e@APW19980227.0494@gold</id>
		<span>73,75</span>
		<type>Day-Of-Month</type>
		</entity>

	<entity>
		<id>99@e@APW19980227.0494@gold</id>
		<span>4148,4150</span>
		<type>Month-Of-Year</type>
		</entity>

	<entity>
		<id>100@e@APW19980227.0494@gold</id>
		<span>4154,4156</span>
		<type>Two-Digit-Year</type>
		</entity>

	<entity>
		<id>101@e@APW19980227.0494@gold</id>
		<span>4151,4153</span>
		<type>Day-Of-Month</type>
		</entity>

	<entity>
		<id>102@e@APW19980227.0494@gold</id>
		<span>20,22</span>
		<type>Month-Of-Year</type>
		</entity>

	<entity>
		<id>104@e@APW19980227.0494@gold</id>
		<span>76,80</span>
		<type>Year</type>
		</entity>

	<entity>
		<id>105@e@APW19980227.0494@gold</id>
		<span>26,30</span>
		<type>Year</type>
		</entity>

	<entity>
		<id>106@e@APW19980227.0494@gold</id>
		<span>3303,3307</span>
		<type>Last</type>
		</entity>

	<entity>
		<id>107@e@APW19980227.0494@gold</id>
		<span>2602,2606</span>
		<type>Last</type>
		</entity>

	<entity>
		<id>108@e@APW19980227.0494@gold</id>
		<span>3336,3340</span>
		<type>Between</type>
		</entity>

	<entity>
		<id>109@e@APW19980227.0494@gold</id>
		<span>1856,1864</span>
		<type>Modifier</type>
		</entity>

	<entity>
		<id>110@e@APW19980227.0494@gold</id>
		<span>2819,2837</span>
		<type>Next</type>
		</entity>

	<entity>
		<id>111@e@APW19980227.0494@gold</id>
		<span>2607,2611</span>
		<type>Calendar-Interval</type>
		</entity>

	<entity>
		<id>112@e@APW19980227.0494@gold</id>
		<span>3020,3028</span>
		<type>Last</type>
		</entity>

	<entity>
		<id>113@e@APW19980227.0494@gold</id>
		<span>3308,3312</span>
		<type>Calendar-Interval</type>
		</entity>

	<entity>
		<id>114@e@APW19980227.0494@gold</id>
		<span>841,846</span>
		<type>Between</type>
		</entity>

	<entity>
		<id>116@e@APW19980227.0494@gold</id>
		<span>1865,1867</span>
		<type>Number</type>
		</entity>

	<entity>
		<id>117@e@APW19980227.0494@gold</id>
		<span>1873,1878</span>
		<type>Period</type>
		</entity>

	<entity>
		<id>118@e@APW19980227.0494@gold</id>
		<span>1868,1872</span>
		<type>Next</type>
		</entity>

	</annotations>

</data>