<?xml version='1.0' encoding='UTF-8'?>
<data>
<info>
  <savetime>10:33:40 20-05-2017</savetime>
  <progress>completed</progress>
</info>

<schema path="./" protocol="file">temporal.schema.xml</schema>

<annotations>
	<entity>
		<id>45@e@APW19980227.0487@gold</id>
		<span>380,386</span>
		<type>Day-Of-Week</type>
		</entity>

	<entity>
		<id>46@e@APW19980227.0487@gold</id>
		<span>2053,2056</span>
		<type>Time-Zone</type>
		</entity>

	<entity>
		<id>47@e@APW19980227.0487@gold</id>
		<span>2051,2053</span>
		<type>Minute-Of-Hour</type>
		</entity>

	<entity>
		<id>48@e@APW19980227.0487@gold</id>
		<span>34,36</span>
		<type>Minute-Of-Hour</type>
		</entity>

	<entity>
		<id>49@e@APW19980227.0487@gold</id>
		<span>37,39</span>
		<type>Second-Of-Minute</type>
		</entity>

	<entity>
		<id>50@e@APW19980227.0487@gold</id>
		<span>2049,2051</span>
		<type>Hour-Of-Day</type>
		</entity>

	<entity>
		<id>51@e@APW19980227.0487@gold</id>
		<span>724,728</span>
		<type>Year</type>
		</entity>

	<entity>
		<id>52@e@APW19980227.0487@gold</id>
		<span>715,723</span>
		<type>Month-Of-Year</type>
		</entity>

	<entity>
		<id>53@e@APW19980227.0487@gold</id>
		<span>629,635</span>
		<type>Day-Of-Week</type>
		</entity>

	<entity>
		<id>54@e@APW19980227.0487@gold</id>
		<span>84,86</span>
		<type>Minute-Of-Hour</type>
		</entity>

	<entity>
		<id>55@e@APW19980227.0487@gold</id>
		<span>87,89</span>
		<type>Second-Of-Minute</type>
		</entity>

	<entity>
		<id>56@e@APW19980227.0487@gold</id>
		<span>135,137</span>
		<type>Month-Of-Year</type>
		</entity>

	<entity>
		<id>57@e@APW19980227.0487@gold</id>
		<span>138,140</span>
		<type>Day-Of-Month</type>
		</entity>

	<entity>
		<id>58@e@APW19980227.0487@gold</id>
		<span>623,628</span>
		<type>Period</type>
		</entity>

	<entity>
		<id>59@e@APW19980227.0487@gold</id>
		<span>618,622</span>
		<type>Number</type>
		</entity>

	<entity>
		<id>60@e@APW19980227.0487@gold</id>
		<span>608,617</span>
		<type>Modifier</type>
		</entity>

	<entity>
		<id>61@e@APW19980227.0487@gold</id>
		<span>81,83</span>
		<type>Hour-Of-Day</type>
		</entity>

	<entity>
		<id>62@e@APW19980227.0487@gold</id>
		<span>31,33</span>
		<type>Hour-Of-Day</type>
		</entity>

	<entity>
		<id>65@e@APW19980227.0487@gold</id>
		<span>2040,2042</span>
		<type>Month-Of-Year</type>
		</entity>

	<entity>
		<id>66@e@APW19980227.0487@gold</id>
		<span>73,75</span>
		<type>Day-Of-Month</type>
		</entity>

	<entity>
		<id>67@e@APW19980227.0487@gold</id>
		<span>23,25</span>
		<type>Day-Of-Month</type>
		</entity>

	<entity>
		<id>68@e@APW19980227.0487@gold</id>
		<span>2043,2045</span>
		<type>Day-Of-Month</type>
		</entity>

	<entity>
		<id>69@e@APW19980227.0487@gold</id>
		<span>2046,2048</span>
		<type>Two-Digit-Year</type>
		</entity>

	<entity>
		<id>70@e@APW19980227.0487@gold</id>
		<span>70,72</span>
		<type>Month-Of-Year</type>
		</entity>

	<entity>
		<id>71@e@APW19980227.0487@gold</id>
		<span>20,22</span>
		<type>Month-Of-Year</type>
		</entity>

	<entity>
		<id>72@e@APW19980227.0487@gold</id>
		<span>76,80</span>
		<type>Year</type>
		</entity>

	<entity>
		<id>73@e@APW19980227.0487@gold</id>
		<span>26,30</span>
		<type>Year</type>
		</entity>

</annotations>

</data>