<?xml version='1.0' encoding='UTF-8'?>
<data>
<info>
  <savetime>20:10:26 11-06-2017</savetime>
  <progress>completed</progress>
</info>

<schema path="./" protocol="file">temporal.schema.xml</schema>

<annotations>
	<entity>
		<id>33@e@wsj_0158@gold</id>
		<span>356,361</span>
		<type>Period</type>
		</entity>

	<entity>
		<id>34@e@wsj_0158@gold</id>
		<span>12,14</span>
		<type>Month-Of-Year</type>
		</entity>

	<entity>
		<id>35@e@wsj_0158@gold</id>
		<span>595,599</span>
		<type>Period</type>
		</entity>

	<entity>
		<id>36@e@wsj_0158@gold</id>
		<span>121,123</span>
		<type>Month-Of-Year</type>
		</entity>

	<entity>
		<id>37@e@wsj_0158@gold</id>
		<span>124,126</span>
		<type>Day-Of-Month</type>
		</entity>

	<entity>
		<id>38@e@wsj_0158@gold</id>
		<span>587,594</span>
		<type>Number</type>
		</entity>

	<entity>
		<id>39@e@wsj_0158@gold</id>
		<span>353,355</span>
		<type>Number</type>
		</entity>

	<entity>
		<id>40@e@wsj_0158@gold</id>
		<span>15,17</span>
		<type>Day-Of-Month</type>
		</entity>

	<entity>
		<id>41@e@wsj_0158@gold</id>
		<span>372,374</span>
		<type>Number</type>
		</entity>

	<entity>
		<id>42@e@wsj_0158@gold</id>
		<span>375,379</span>
		<type>Period</type>
		</entity>

	<entity>
		<id>43@e@wsj_0158@gold</id>
		<span>466,469</span>
		<type>Number</type>
		</entity>

	<entity>
		<id>44@e@wsj_0158@gold</id>
		<span>127,129</span>
		<type>Two-Digit-Year</type>
		</entity>

	<entity>
		<id>45@e@wsj_0158@gold</id>
		<span>18,20</span>
		<type>Two-Digit-Year</type>
		</entity>

	<entity>
		<id>46@e@wsj_0158@gold</id>
		<span>1375,1378</span>
		<type>This</type>
		</entity>

	<entity>
		<id>47@e@wsj_0158@gold</id>
		<span>1326,1334</span>
		<type>Next</type>
		</entity>

	<entity>
		<id>48@e@wsj_0158@gold</id>
		<span>470,476</span>
		<type>Period</type>
		</entity>

	</annotations>

</data>