<?xml version='1.0' encoding='UTF-8'?>
<data>
<info>
  <savetime>20:13:49 11-06-2017</savetime>
  <progress>completed</progress>
</info>

<schema path="./" protocol="file">temporal.schema.xml</schema>

<annotations>
	<entity>
		<id>18@e@wsj_0321@gold</id>
		<span>12,14</span>
		<type>Month-Of-Year</type>
		</entity>

	<entity>
		<id>19@e@wsj_0321@gold</id>
		<span>15,17</span>
		<type>Day-Of-Month</type>
		</entity>

	<entity>
		<id>20@e@wsj_0321@gold</id>
		<span>154,156</span>
		<type>Month-Of-Year</type>
		</entity>

	<entity>
		<id>21@e@wsj_0321@gold</id>
		<span>157,159</span>
		<type>Day-Of-Month</type>
		</entity>

	<entity>
		<id>22@e@wsj_0321@gold</id>
		<span>423,432</span>
		<type>Calendar-Interval</type>
		</entity>

	<entity>
		<id>25@e@wsj_0321@gold</id>
		<span>846,853</span>
		<type>Before</type>
		</entity>

	<entity>
		<id>26@e@wsj_0321@gold</id>
		<span>18,20</span>
		<type>Two-Digit-Year</type>
		</entity>

	<entity>
		<id>27@e@wsj_0321@gold</id>
		<span>160,162</span>
		<type>Two-Digit-Year</type>
		</entity>

</annotations>

</data>