<?xml version='1.0' encoding='UTF-8'?>
<data>
<info>
  <savetime>10:16:20 19-06-2017</savetime>
  <progress>completed</progress>
</info>

<schema path="./" protocol="file">temporal.schema.xml</schema>

<annotations>
	<entity>
		<id>9@e@ed980111.1130.0089@gold</id>
		<span>26,28</span>
		<type>Day-Of-Month</type>
		</entity>

	<entity>
		<id>10@e@ed980111.1130.0089@gold</id>
		<span>24,26</span>
		<type>Month-Of-Year</type>
		</entity>

	<entity>
		<id>11@e@ed980111.1130.0089@gold</id>
		<span>22,24</span>
		<type>Two-Digit-Year</type>
		</entity>

	<entity>
		<id>12@e@ed980111.1130.0089@gold</id>
		<span>169,176</span>
		<type>Number</type>
		</entity>

	<entity>
		<id>13@e@ed980111.1130.0089@gold</id>
		<span>177,181</span>
		<type>Period</type>
		</entity>

	<entity>
		<id>14@e@ed980111.1130.0089@gold</id>
		<span>164,168</span>
		<type>Before</type>
		</entity>

	<entity>
		<id>15@e@ed980111.1130.0089@gold</id>
		<span>303,312</span>
		<type>Calendar-Interval</type>
		</entity>

	<entity>
		<id>17@e@ed980111.1130.0089@gold</id>
		<span>436,441</span>
		<type>Calendar-Interval</type>
		</entity>

	<entity>
		<id>19@e@ed980111.1130.0089@gold</id>
		<span>490,495</span>
		<type>Calendar-Interval</type>
		<addition>
			<adjudication>gold</adjudication>
		</addition>
	</entity>

	<entity>
		<id>21@e@ed980111.1130.0089@gold</id>
		<span>674,679</span>
		<type>Next</type>
		<addition>
			<adjudication>gold</adjudication>
		</addition>
	</entity>

</annotations>

</data>