<?xml version='1.0' encoding='UTF-8'?>
<data>
<info>
  <savetime>12:43:26 22-05-2017</savetime>
  <progress>completed</progress>
</info>

<schema path="./" protocol="file">temporal.schema.xml</schema>

<annotations>
	<entity>
		<id>52@e@NYT19980212.0019@gold</id>
		<span>1315,1320</span>
		<type>Period</type>
		</entity>

	<entity>
		<id>53@e@NYT19980212.0019@gold</id>
		<span>231,235</span>
		<type>Year</type>
		</entity>

	<entity>
		<id>54@e@NYT19980212.0019@gold</id>
		<span>369,376</span>
		<type>Part-Of-Day</type>
		</entity>

	<entity>
		<id>55@e@NYT19980212.0019@gold</id>
		<span>522,528</span>
		<type>Modifier</type>
		</entity>

	<entity>
		<id>56@e@NYT19980212.0019@gold</id>
		<span>1380,1382</span>
		<type>Minute-Of-Hour</type>
		</entity>

	<entity>
		<id>57@e@NYT19980212.0019@gold</id>
		<span>1378,1380</span>
		<type>Hour-Of-Day</type>
		</entity>

	<entity>
		<id>58@e@NYT19980212.0019@gold</id>
		<span>1311,1314</span>
		<type>Number</type>
		</entity>

	<entity>
		<id>59@e@NYT19980212.0019@gold</id>
		<span>1382,1385</span>
		<type>Time-Zone</type>
		</entity>

	<entity>
		<id>60@e@NYT19980212.0019@gold</id>
		<span>360,368</span>
		<type>Day-Of-Week</type>
		</entity>

	<entity>
		<id>61@e@NYT19980212.0019@gold</id>
		<span>1321,1324</span>
		<type>Before</type>
		</entity>

	<entity>
		<id>62@e@NYT19980212.0019@gold</id>
		<span>1369,1371</span>
		<type>Month-Of-Year</type>
		</entity>

	<entity>
		<id>63@e@NYT19980212.0019@gold</id>
		<span>1372,1374</span>
		<type>Day-Of-Month</type>
		</entity>

	<entity>
		<id>64@e@NYT19980212.0019@gold</id>
		<span>1375,1377</span>
		<type>Two-Digit-Year</type>
		</entity>

	<entity>
		<id>65@e@NYT19980212.0019@gold</id>
		<span>531,533</span>
		<type>Minute-Of-Hour</type>
		</entity>

	<entity>
		<id>66@e@NYT19980212.0019@gold</id>
		<span>534,538</span>
		<type>AMPM-Of-Day</type>
		</entity>

	<entity>
		<id>67@e@NYT19980212.0019@gold</id>
		<span>529,530</span>
		<type>Hour-Of-Day</type>
		</entity>

	<entity>
		<id>68@e@NYT19980212.0019@gold</id>
		<span>20,22</span>
		<type>Month-Of-Year</type>
		</entity>

	<entity>
		<id>69@e@NYT19980212.0019@gold</id>
		<span>23,25</span>
		<type>Day-Of-Month</type>
		</entity>

	<entity>
		<id>70@e@NYT19980212.0019@gold</id>
		<span>26,30</span>
		<type>Year</type>
		</entity>

	<entity>
		<id>71@e@NYT19980212.0019@gold</id>
		<span>31,33</span>
		<type>Hour-Of-Day</type>
		</entity>

	<entity>
		<id>72@e@NYT19980212.0019@gold</id>
		<span>34,36</span>
		<type>Minute-Of-Hour</type>
		</entity>

	<entity>
		<id>73@e@NYT19980212.0019@gold</id>
		<span>37,39</span>
		<type>Second-Of-Minute</type>
		</entity>

	<entity>
		<id>74@e@NYT19980212.0019@gold</id>
		<span>87,89</span>
		<type>Second-Of-Minute</type>
		</entity>

	<entity>
		<id>75@e@NYT19980212.0019@gold</id>
		<span>84,86</span>
		<type>Minute-Of-Hour</type>
		</entity>

	<entity>
		<id>76@e@NYT19980212.0019@gold</id>
		<span>81,83</span>
		<type>Hour-Of-Day</type>
		</entity>

	<entity>
		<id>77@e@NYT19980212.0019@gold</id>
		<span>73,75</span>
		<type>Day-Of-Month</type>
		</entity>

	<entity>
		<id>78@e@NYT19980212.0019@gold</id>
		<span>70,72</span>
		<type>Month-Of-Year</type>
		</entity>

	<entity>
		<id>79@e@NYT19980212.0019@gold</id>
		<span>76,80</span>
		<type>Year</type>
		</entity>

	<entity>
		<id>80@e@NYT19980212.0019@gold</id>
		<span>149,151</span>
		<type>Day-Of-Month</type>
		</entity>

	<entity>
		<id>81@e@NYT19980212.0019@gold</id>
		<span>146,148</span>
		<type>Month-Of-Year</type>
		</entity>

	</annotations>

</data>