<?xml version='1.0' encoding='UTF-8'?>
<data>
<info>
  <savetime>10:51:39 19-06-2017</savetime>
  <progress>completed</progress>
</info>

<schema path="./" protocol="file">temporal.schema.xml</schema>

<annotations>
	<entity>
		<id>32@e@wsj_0152@gold</id>
		<span>393,394</span>
		<type>Hour-Of-Day</type>
		</entity>

	<entity>
		<id>33@e@wsj_0152@gold</id>
		<span>12,14</span>
		<type>Month-Of-Year</type>
		</entity>

	<entity>
		<id>34@e@wsj_0152@gold</id>
		<span>536,540</span>
		<type>Month-Of-Year</type>
		</entity>

	<entity>
		<id>35@e@wsj_0152@gold</id>
		<span>400,403</span>
		<type>Time-Zone</type>
		</entity>

	<entity>
		<id>36@e@wsj_0152@gold</id>
		<span>145,149</span>
		<type>Month-Of-Year</type>
		</entity>

	<entity>
		<id>37@e@wsj_0152@gold</id>
		<span>150,151</span>
		<type>Day-Of-Month</type>
		</entity>

	<entity>
		<id>38@e@wsj_0152@gold</id>
		<span>152,154</span>
		<type>Month-Of-Year</type>
		</entity>

	<entity>
		<id>39@e@wsj_0152@gold</id>
		<span>155,157</span>
		<type>Day-Of-Month</type>
		</entity>

	<entity>
		<id>40@e@wsj_0152@gold</id>
		<span>395,399</span>
		<type>AMPM-Of-Day</type>
		</entity>

	<entity>
		<id>41@e@wsj_0152@gold</id>
		<span>15,17</span>
		<type>Day-Of-Month</type>
		</entity>

	<entity>
		<id>42@e@wsj_0152@gold</id>
		<span>541,542</span>
		<type>Day-Of-Month</type>
		</entity>

	<entity>
		<id>43@e@wsj_0152@gold</id>
		<span>158,160</span>
		<type>Two-Digit-Year</type>
		</entity>

	<entity>
		<id>44@e@wsj_0152@gold</id>
		<span>404,408</span>
		<type>Month-Of-Year</type>
		</entity>

	<entity>
		<id>45@e@wsj_0152@gold</id>
		<span>409,410</span>
		<type>Day-Of-Month</type>
		</entity>

	<entity>
		<id>46@e@wsj_0152@gold</id>
		<span>18,20</span>
		<type>Two-Digit-Year</type>
		</entity>

	<entity>
		<id>50@e@wsj_0152@gold</id>
		<span>139,144</span>
		<type>Between</type>
		</entity>

	<entity>
		<id>51@e@wsj_0152@gold</id>
		<span>387,392</span>
		<type>Between</type>
		</entity>

</annotations>

</data>