<?xml version='1.0' encoding='UTF-8'?>
<data>
<info>
  <savetime>15:07:01 13-05-2017</savetime>
  <progress>completed</progress>
</info>

<schema path="./" protocol="file">temporal.schema.xml</schema>

<annotations>
	<entity>
		<id>37@e@CNN19980227.2130.0067@gold</id>
		<span>31,33</span>
		<type>Day-Of-Month</type>
		</entity>

	<entity>
		<id>39@e@CNN19980227.2130.0067@gold</id>
		<span>29,31</span>
		<type>Month-Of-Year</type>
		</entity>

	<entity>
		<id>40@e@CNN19980227.2130.0067@gold</id>
		<span>25,29</span>
		<type>Year</type>
		</entity>

	<entity>
		<id>41@e@CNN19980227.2130.0067@gold</id>
		<span>213,218</span>
		<type>Calendar-Interval</type>
		</entity>

	<entity>
		<id>42@e@CNN19980227.2130.0067@gold</id>
		<span>208,212</span>
		<type>Last</type>
		</entity>

	<entity>
		<id>43@e@CNN19980227.2130.0067@gold</id>
		<span>317,336</span>
		<type>Year</type>
		</entity>

	<entity>
		<id>44@e@CNN19980227.2130.0067@gold</id>
		<span>400,407</span>
		<type>Month-Of-Year</type>
		</entity>

	<entity>
		<id>45@e@CNN19980227.2130.0067@gold</id>
		<span>408,429</span>
		<type>Year</type>
		</entity>

	<entity>
		<id>46@e@CNN19980227.2130.0067@gold</id>
		<span>522,527</span>
		<type>Calendar-Interval</type>
		</entity>

	<entity>
		<id>47@e@CNN19980227.2130.0067@gold</id>
		<span>517,521</span>
		<type>Last</type>
		</entity>

	<entity>
		<id>48@e@CNN19980227.2130.0067@gold</id>
		<span>717,720</span>
		<type>This</type>
		</entity>

	<entity>
		<id>49@e@CNN19980227.2130.0067@gold</id>
		<span>1707,1728</span>
		<type>Year</type>
		</entity>

	<entity>
		<id>50@e@CNN19980227.2130.0067@gold</id>
		<span>1945,1949</span>
		<type>Calendar-Interval</type>
		</entity>

	<entity>
		<id>51@e@CNN19980227.2130.0067@gold</id>
		<span>1940,1944</span>
		<type>This</type>
		</entity>

</annotations>

</data>