<?xml version='1.0' encoding='UTF-8'?>
<data>
<info>
  <savetime>09:35:51 20-05-2017</savetime>
  <progress>completed</progress>
</info>

<schema path="./" protocol="file">temporal.schema.xml</schema>

<annotations>
	<entity>
		<id>156@e@AP900815-0044@gold</id>
		<span>7980,7985</span>
		<type>Period</type>
		</entity>

	<entity>
		<id>158@e@AP900815-0044@gold</id>
		<span>7842,7845</span>
		<type>This</type>
		</entity>

	<entity>
		<id>159@e@AP900815-0044@gold</id>
		<span>28,30</span>
		<type>Minute-Of-Hour</type>
		</entity>

	<entity>
		<id>161@e@AP900815-0044@gold</id>
		<span>7745,7748</span>
		<type>Calendar-Interval</type>
		</entity>

	<entity>
		<id>162@e@AP900815-0044@gold</id>
		<span>7738,7744</span>
		<type>NthFromStart</type>
		</entity>

	<entity>
		<id>164@e@AP900815-0044@gold</id>
		<span>7725,7730</span>
		<type>Calendar-Interval</type>
		</entity>

	<entity>
		<id>165@e@AP900815-0044@gold</id>
		<span>67,69</span>
		<type>Minute-Of-Hour</type>
		</entity>

	<entity>
		<id>166@e@AP900815-0044@gold</id>
		<span>69,72</span>
		<type>Time-Zone</type>
		</entity>

	<entity>
		<id>167@e@AP900815-0044@gold</id>
		<span>7590,7593</span>
		<type>This</type>
		</entity>

	<entity>
		<id>168@e@AP900815-0044@gold</id>
		<span>7557,7564</span>
		<type>Day-Of-Week</type>
		</entity>

	<entity>
		<id>170@e@AP900815-0044@gold</id>
		<span>518,523</span>
		<type>Calendar-Interval</type>
		</entity>

	<entity>
		<id>172@e@AP900815-0044@gold</id>
		<span>663,668</span>
		<type>Calendar-Interval</type>
		</entity>

	<entity>
		<id>174@e@AP900815-0044@gold</id>
		<span>777,784</span>
		<type>Day-Of-Week</type>
		</entity>

	<entity>
		<id>176@e@AP900815-0044@gold</id>
		<span>973,978</span>
		<type>Calendar-Interval</type>
		</entity>

	<entity>
		<id>177@e@AP900815-0044@gold</id>
		<span>1606,1609</span>
		<type>This</type>
		</entity>

	<entity>
		<id>179@e@AP900815-0044@gold</id>
		<span>2173,2179</span>
		<type>Month-Of-Year</type>
		</entity>

	<entity>
		<id>180@e@AP900815-0044@gold</id>
		<span>2203,2208</span>
		<type>Number</type>
		</entity>

	<entity>
		<id>181@e@AP900815-0044@gold</id>
		<span>2209,2213</span>
		<type>Period</type>
		</entity>

	<entity>
		<id>183@e@AP900815-0044@gold</id>
		<span>2344,2345</span>
		<type>Day-Of-Month</type>
		</entity>

	<entity>
		<id>184@e@AP900815-0044@gold</id>
		<span>2830,2833</span>
		<type>Number</type>
		</entity>

	<entity>
		<id>185@e@AP900815-0044@gold</id>
		<span>2834,2838</span>
		<type>Period</type>
		</entity>

	<entity>
		<id>186@e@AP900815-0044@gold</id>
		<span>2975,2982</span>
		<type>Day-Of-Week</type>
		</entity>

	<entity>
		<id>188@e@AP900815-0044@gold</id>
		<span>3218,3223</span>
		<type>Calendar-Interval</type>
		</entity>

	<entity>
		<id>190@e@AP900815-0044@gold</id>
		<span>3886,3891</span>
		<type>Calendar-Interval</type>
		</entity>

	<entity>
		<id>192@e@AP900815-0044@gold</id>
		<span>4244,4249</span>
		<type>Calendar-Interval</type>
		</entity>

	<entity>
		<id>194@e@AP900815-0044@gold</id>
		<span>4505,4512</span>
		<type>Day-Of-Week</type>
		</entity>

	<entity>
		<id>195@e@AP900815-0044@gold</id>
		<span>4698,4701</span>
		<type>This</type>
		</entity>

	<entity>
		<id>196@e@AP900815-0044@gold</id>
		<span>6894,6901</span>
		<type>Day-Of-Week</type>
		</entity>

	<entity>
		<id>197@e@AP900815-0044@gold</id>
		<span>4872,4873</span>
		<type>Day-Of-Month</type>
		</entity>

	<entity>
		<id>198@e@AP900815-0044@gold</id>
		<span>5227,5234</span>
		<type>Day-Of-Week</type>
		</entity>

	<entity>
		<id>200@e@AP900815-0044@gold</id>
		<span>5397,5402</span>
		<type>Calendar-Interval</type>
		</entity>

	<entity>
		<id>202@e@AP900815-0044@gold</id>
		<span>5740,5747</span>
		<type>Day-Of-Week</type>
		</entity>

	<entity>
		<id>204@e@AP900815-0044@gold</id>
		<span>5956,5962</span>
		<type>Day-Of-Week</type>
		</entity>

	<entity>
		<id>206@e@AP900815-0044@gold</id>
		<span>5994,6002</span>
		<type>Day-Of-Week</type>
		</entity>

	<entity>
		<id>209@e@AP900815-0044@gold</id>
		<span>6105,6110</span>
		<type>Calendar-Interval</type>
		</entity>

	<entity>
		<id>210@e@AP900815-0044@gold</id>
		<span>65,67</span>
		<type>Hour-Of-Day</type>
		</entity>

	<entity>
		<id>211@e@AP900815-0044@gold</id>
		<span>62,64</span>
		<type>Two-Digit-Year</type>
		</entity>

	<entity>
		<id>212@e@AP900815-0044@gold</id>
		<span>23,25</span>
		<type>Two-Digit-Year</type>
		</entity>

	<entity>
		<id>213@e@AP900815-0044@gold</id>
		<span>107,109</span>
		<type>Day-Of-Month</type>
		</entity>

	<entity>
		<id>214@e@AP900815-0044@gold</id>
		<span>104,106</span>
		<type>Month-Of-Year</type>
		</entity>

	<entity>
		<id>215@e@AP900815-0044@gold</id>
		<span>17,19</span>
		<type>Month-Of-Year</type>
		</entity>

	<entity>
		<id>216@e@AP900815-0044@gold</id>
		<span>20,22</span>
		<type>Day-Of-Month</type>
		</entity>

	<entity>
		<id>217@e@AP900815-0044@gold</id>
		<span>59,61</span>
		<type>Day-Of-Month</type>
		</entity>

	<entity>
		<id>218@e@AP900815-0044@gold</id>
		<span>56,58</span>
		<type>Month-Of-Year</type>
		</entity>

	<entity>
		<id>219@e@AP900815-0044@gold</id>
		<span>26,28</span>
		<type>Hour-Of-Day</type>
		</entity>

	<entity>
		<id>220@e@AP900815-0044@gold</id>
		<span>30,33</span>
		<type>Time-Zone</type>
		</entity>

	<entity>
		<id>221@e@AP900815-0044@gold</id>
		<span>2339,2343</span>
		<type>Month-Of-Year</type>
		</entity>

	<entity>
		<id>222@e@AP900815-0044@gold</id>
		<span>4867,4871</span>
		<type>Month-Of-Year</type>
		</entity>

	<entity>
		<id>223@e@AP900815-0044@gold</id>
		<span>2180,2184</span>
		<type>Year</type>
		</entity>

	<entity>
		<id>227@e@AP900815-0044@gold</id>
		<span>6380,6386</span>
		<type>Next</type>
		</entity>

	<entity>
		<id>229@e@AP900815-0044@gold</id>
		<span>6296,6300</span>
		<type>This</type>
		</entity>

	<entity>
		<id>230@e@AP900815-0044@gold</id>
		<span>1439,1448</span>
		<type>Period</type>
		</entity>

	<entity>
		<id>231@e@AP900815-0044@gold</id>
		<span>1170,1175</span>
		<type>Calendar-Interval</type>
		</entity>

	<entity>
		<id>233@e@AP900815-0044@gold</id>
		<span>1887,1893</span>
		<type>Day-Of-Week</type>
		</entity>

	<entity>
		<id>235@e@AP900815-0044@gold</id>
		<span>6309,6315</span>
		<type>Period</type>
		</entity>

</annotations>

</data>