<?xml version='1.0' encoding='UTF-8'?>
<data>
<info>
  <savetime>10:30:26 20-05-2017</savetime>
  <progress>completed</progress>
</info>

<schema path="./" protocol="file">temporal.schema.xml</schema>

<annotations>
	<entity>
		<id>37@e@APW19980227.0476@gold</id>
		<span>87,89</span>
		<type>Second-Of-Minute</type>
		</entity>

	<entity>
		<id>38@e@APW19980227.0476@gold</id>
		<span>1278,1281</span>
		<type>Time-Zone</type>
		</entity>

	<entity>
		<id>39@e@APW19980227.0476@gold</id>
		<span>1276,1278</span>
		<type>Minute-Of-Hour</type>
		</entity>

	<entity>
		<id>40@e@APW19980227.0476@gold</id>
		<span>1274,1276</span>
		<type>Hour-Of-Day</type>
		</entity>

	<entity>
		<id>41@e@APW19980227.0476@gold</id>
		<span>34,36</span>
		<type>Minute-Of-Hour</type>
		</entity>

	<entity>
		<id>42@e@APW19980227.0476@gold</id>
		<span>37,39</span>
		<type>Second-Of-Minute</type>
		</entity>

	<entity>
		<id>43@e@APW19980227.0476@gold</id>
		<span>1045,1049</span>
		<type>Year</type>
		</entity>

	<entity>
		<id>44@e@APW19980227.0476@gold</id>
		<span>937,941</span>
		<type>Year</type>
		</entity>

	<entity>
		<id>45@e@APW19980227.0476@gold</id>
		<span>638,642</span>
		<type>Year</type>
		</entity>

	<entity>
		<id>46@e@APW19980227.0476@gold</id>
		<span>463,469</span>
		<type>Day-Of-Week</type>
		</entity>

	<entity>
		<id>47@e@APW19980227.0476@gold</id>
		<span>84,86</span>
		<type>Minute-Of-Hour</type>
		</entity>

	<entity>
		<id>48@e@APW19980227.0476@gold</id>
		<span>81,83</span>
		<type>Hour-Of-Day</type>
		</entity>

	<entity>
		<id>49@e@APW19980227.0476@gold</id>
		<span>31,33</span>
		<type>Hour-Of-Day</type>
		</entity>

	<entity>
		<id>51@e@APW19980227.0476@gold</id>
		<span>1265,1267</span>
		<type>Month-Of-Year</type>
		</entity>

	<entity>
		<id>52@e@APW19980227.0476@gold</id>
		<span>73,75</span>
		<type>Day-Of-Month</type>
		</entity>

	<entity>
		<id>53@e@APW19980227.0476@gold</id>
		<span>70,72</span>
		<type>Month-Of-Year</type>
		</entity>

	<entity>
		<id>54@e@APW19980227.0476@gold</id>
		<span>23,25</span>
		<type>Day-Of-Month</type>
		</entity>

	<entity>
		<id>55@e@APW19980227.0476@gold</id>
		<span>1268,1270</span>
		<type>Day-Of-Month</type>
		</entity>

	<entity>
		<id>56@e@APW19980227.0476@gold</id>
		<span>1271,1273</span>
		<type>Two-Digit-Year</type>
		</entity>

	<entity>
		<id>57@e@APW19980227.0476@gold</id>
		<span>20,22</span>
		<type>Month-Of-Year</type>
		</entity>

	<entity>
		<id>58@e@APW19980227.0476@gold</id>
		<span>76,80</span>
		<type>Year</type>
		</entity>

	<entity>
		<id>59@e@APW19980227.0476@gold</id>
		<span>26,30</span>
		<type>Year</type>
		</entity>

	<entity>
		<id>60@e@APW19980227.0476@gold</id>
		<span>152,154</span>
		<type>Day-Of-Month</type>
		</entity>

	<entity>
		<id>61@e@APW19980227.0476@gold</id>
		<span>149,151</span>
		<type>Month-Of-Year</type>
		</entity>

</annotations>

</data>