<?xml version='1.0' encoding='UTF-8'?>
<data>
<info>
  <savetime>14:07:42 13-06-2017</savetime>
  <progress>completed</progress>
</info>

<schema path="./" protocol="file">temporal.schema.xml</schema>

<annotations>
	<entity>
		<id>63@e@ABC19980108.1830.0711@gold</id>
		<span>1036,1039</span>
		<type>This</type>
		</entity>

	<entity>
		<id>64@e@ABC19980108.1830.0711@gold</id>
		<span>449,453</span>
		<type>Number</type>
		</entity>

	<entity>
		<id>65@e@ABC19980108.1830.0711@gold</id>
		<span>454,458</span>
		<type>Period</type>
		</entity>

	<entity>
		<id>66@e@ABC19980108.1830.0711@gold</id>
		<span>486,490</span>
		<type>Number</type>
		</entity>

	<entity>
		<id>67@e@ABC19980108.1830.0711@gold</id>
		<span>491,495</span>
		<type>Period</type>
		</entity>

	<entity>
		<id>68@e@ABC19980108.1830.0711@gold</id>
		<span>670,683</span>
		<type>Period</type>
		</entity>

	<entity>
		<id>69@e@ABC19980108.1830.0711@gold</id>
		<span>684,687</span>
		<type>Before</type>
		</entity>

	<entity>
		<id>70@e@ABC19980108.1830.0711@gold</id>
		<span>689,695</span>
		<type>Before</type>
		</entity>

	<entity>
		<id>71@e@ABC19980108.1830.0711@gold</id>
		<span>278,283</span>
		<type>Period</type>
		</entity>

	<entity>
		<id>72@e@ABC19980108.1830.0711@gold</id>
		<span>266,277</span>
		<type>Number</type>
		</entity>

	<entity>
		<id>73@e@ABC19980108.1830.0711@gold</id>
		<span>1344,1351</span>
		<type>Month-Of-Year</type>
		</entity>

	<entity>
		<id>75@e@ABC19980108.1830.0711@gold</id>
		<span>1378,1381</span>
		<type>This</type>
		</entity>

	<entity>
		<id>76@e@ABC19980108.1830.0711@gold</id>
		<span>1554,1559</span>
		<type>Number</type>
		</entity>

	<entity>
		<id>77@e@ABC19980108.1830.0711@gold</id>
		<span>1560,1566</span>
		<type>Period</type>
		</entity>

	<entity>
		<id>78@e@ABC19980108.1830.0711@gold</id>
		<span>1969,1974</span>
		<type>Period</type>
		</entity>

	<entity>
		<id>79@e@ABC19980108.1830.0711@gold</id>
		<span>1965,1968</span>
		<type>Number</type>
		</entity>

	<entity>
		<id>80@e@ABC19980108.1830.0711@gold</id>
		<span>261,265</span>
		<type>Last</type>
		</entity>

	<entity>
		<id>81@e@ABC19980108.1830.0711@gold</id>
		<span>1549,1553</span>
		<type>Last</type>
		</entity>

	<entity>
		<id>82@e@ABC19980108.1830.0711@gold</id>
		<span>2109,2114</span>
		<type>Period</type>
		</entity>

	<entity>
		<id>83@e@ABC19980108.1830.0711@gold</id>
		<span>1959,1964</span>
		<type>After</type>
		</entity>

	<entity>
		<id>84@e@ABC19980108.1830.0711@gold</id>
		<span>2099,2105</span>
		<type>Number</type>
		</entity>

	<entity>
		<id>85@e@ABC19980108.1830.0711@gold</id>
		<span>141,145</span>
		<type>Calendar-Interval</type>
		</entity>

	<entity>
		<id>86@e@ABC19980108.1830.0711@gold</id>
		<span>25,29</span>
		<type>Year</type>
		</entity>

	<entity>
		<id>87@e@ABC19980108.1830.0711@gold</id>
		<span>29,31</span>
		<type>Month-Of-Year</type>
		</entity>

	<entity>
		<id>88@e@ABC19980108.1830.0711@gold</id>
		<span>31,33</span>
		<type>Day-Of-Month</type>
		</entity>

	<entity>
		<id>90@e@ABC19980108.1830.0711@gold</id>
		<span>131,140</span>
		<type>Modifier</type>
		</entity>

	</annotations>

</data>