<?xml version='1.0' encoding='UTF-8'?>
<data>
<info>
  <savetime>14:57:01 24-05-2017</savetime>
  <progress>completed</progress>
</info>

<schema path="./" protocol="file">temporal.schema.xml</schema>

<annotations>
	<entity>
		<id>15@e@PRI19980213.2000.0313@gold</id>
		<span>29,31</span>
		<type>Month-Of-Year</type>
		</entity>

	<entity>
		<id>16@e@PRI19980213.2000.0313@gold</id>
		<span>31,33</span>
		<type>Day-Of-Month</type>
		</entity>

	<entity>
		<id>17@e@PRI19980213.2000.0313@gold</id>
		<span>434,439</span>
		<type>Calendar-Interval</type>
		</entity>

	<entity>
		<id>19@e@PRI19980213.2000.0313@gold</id>
		<span>777,781</span>
		<type>Period</type>
		</entity>

	<entity>
		<id>20@e@PRI19980213.2000.0313@gold</id>
		<span>25,29</span>
		<type>Year</type>
		</entity>

	<entity>
		<id>21@e@PRI19980213.2000.0313@gold</id>
		<span>123,131</span>
		<type>Next</type>
		</entity>

</annotations>

</data>