<?xml version='1.0' encoding='UTF-8'?>
<data>
<info>
  <savetime>19:30:49 21-05-2017</savetime>
  <progress>completed</progress>
</info>

<schema path="./" protocol="file">temporal.schema.xml</schema>

<annotations>
	<entity>
		<id>35@e@CNN19980126.1600.1104@gold</id>
		<span>29,31</span>
		<type>Month-Of-Year</type>
		</entity>

	<entity>
		<id>36@e@CNN19980126.1600.1104@gold</id>
		<span>31,33</span>
		<type>Day-Of-Month</type>
		</entity>

	<entity>
		<id>37@e@CNN19980126.1600.1104@gold</id>
		<span>575,578</span>
		<type>This</type>
		</entity>

	<entity>
		<id>38@e@CNN19980126.1600.1104@gold</id>
		<span>948,953</span>
		<type>Calendar-Interval</type>
		</entity>

	<entity>
		<id>40@e@CNN19980126.1600.1104@gold</id>
		<span>25,29</span>
		<type>Year</type>
		</entity>

	<entity>
		<id>41@e@CNN19980126.1600.1104@gold</id>
		<span>436,442</span>
		<type>NthFromStart</type>
		</entity>

	<entity>
		<id>42@e@CNN19980126.1600.1104@gold</id>
		<span>443,450</span>
		<type>Calendar-Interval</type>
		</entity>

	<entity>
		<id>43@e@CNN19980126.1600.1104@gold</id>
		<span>360,367</span>
		<type>Last</type>
		</entity>

	<entity>
		<id>44@e@CNN19980126.1600.1104@gold</id>
		<span>701,706</span>
		<type>Between</type>
		</entity>

	</annotations>

</data>