<?xml version='1.0' encoding='UTF-8'?>
<data>
<info>
  <savetime>19:01:31 25-05-2017</savetime>
  <progress>completed</progress>
</info>

<schema path="./" protocol="file">temporal.schema.xml</schema>

<annotations>
	<entity>
		<id>13@e@wsj_0122@gold</id>
		<span>12,14</span>
		<type>Month-Of-Year</type>
		</entity>

	<entity>
		<id>14@e@wsj_0122@gold</id>
		<span>15,17</span>
		<type>Day-Of-Month</type>
		</entity>

	<entity>
		<id>15@e@wsj_0122@gold</id>
		<span>89,91</span>
		<type>Month-Of-Year</type>
		</entity>

	<entity>
		<id>16@e@wsj_0122@gold</id>
		<span>92,94</span>
		<type>Day-Of-Month</type>
		</entity>

	<entity>
		<id>17@e@wsj_0122@gold</id>
		<span>478,486</span>
		<type>Month-Of-Year</type>
		</entity>

	<entity>
		<id>19@e@wsj_0122@gold</id>
		<span>18,20</span>
		<type>Two-Digit-Year</type>
		</entity>

	<entity>
		<id>20@e@wsj_0122@gold</id>
		<span>95,97</span>
		<type>Two-Digit-Year</type>
		</entity>

</annotations>

</data>