<?xml version='1.0' encoding='UTF-8'?>
<data>
<info>
  <savetime>10:01:50 20-05-2017</savetime>
  <progress>completed</progress>
</info>

<schema path="./" protocol="file">temporal.schema.xml</schema>

<annotations>
	<entity>
		<id>92@e@APW19980213.1320@gold</id>
		<span>453,458</span>
		<type>Period</type>
		</entity>

	<entity>
		<id>93@e@APW19980213.1320@gold</id>
		<span>1603,1606</span>
		<type>Time-Zone</type>
		</entity>

	<entity>
		<id>94@e@APW19980213.1320@gold</id>
		<span>1019,1020</span>
		<type>Day-Of-Month</type>
		</entity>

	<entity>
		<id>95@e@APW19980213.1320@gold</id>
		<span>34,36</span>
		<type>Minute-Of-Hour</type>
		</entity>

	<entity>
		<id>96@e@APW19980213.1320@gold</id>
		<span>37,39</span>
		<type>Second-Of-Minute</type>
		</entity>

	<entity>
		<id>97@e@APW19980213.1320@gold</id>
		<span>1599,1601</span>
		<type>Hour-Of-Day</type>
		</entity>

	<entity>
		<id>98@e@APW19980213.1320@gold</id>
		<span>1012,1018</span>
		<type>Month-Of-Year</type>
		</entity>

	<entity>
		<id>99@e@APW19980213.1320@gold</id>
		<span>84,86</span>
		<type>Minute-Of-Hour</type>
		</entity>

	<entity>
		<id>100@e@APW19980213.1320@gold</id>
		<span>87,89</span>
		<type>Second-Of-Minute</type>
		</entity>

	<entity>
		<id>101@e@APW19980213.1320@gold</id>
		<span>144,146</span>
		<type>Month-Of-Year</type>
		</entity>

	<entity>
		<id>102@e@APW19980213.1320@gold</id>
		<span>147,149</span>
		<type>Day-Of-Month</type>
		</entity>

	<entity>
		<id>103@e@APW19980213.1320@gold</id>
		<span>200,205</span>
		<type>Calendar-Interval</type>
		</entity>

	<entity>
		<id>105@e@APW19980213.1320@gold</id>
		<span>340,346</span>
		<type>Month-Of-Year</type>
		</entity>

	<entity>
		<id>106@e@APW19980213.1320@gold</id>
		<span>1601,1603</span>
		<type>Minute-Of-Hour</type>
		</entity>

	<entity>
		<id>107@e@APW19980213.1320@gold</id>
		<span>663,668</span>
		<type>Calendar-Interval</type>
		</entity>

	<entity>
		<id>108@e@APW19980213.1320@gold</id>
		<span>739,743</span>
		<type>Calendar-Interval</type>
		</entity>

	<entity>
		<id>111@e@APW19980213.1320@gold</id>
		<span>927,933</span>
		<type>Day-Of-Week</type>
		</entity>

	<entity>
		<id>112@e@APW19980213.1320@gold</id>
		<span>938,945</span>
		<type>Day-Of-Week</type>
		</entity>

	<entity>
		<id>113@e@APW19980213.1320@gold</id>
		<span>946,952</span>
		<type>Part-Of-Day</type>
		</entity>

	<entity>
		<id>114@e@APW19980213.1320@gold</id>
		<span>958,963</span>
		<type>Month-Of-Year</type>
		</entity>

	<entity>
		<id>115@e@APW19980213.1320@gold</id>
		<span>964,966</span>
		<type>Day-Of-Month</type>
		</entity>

	<entity>
		<id>116@e@APW19980213.1320@gold</id>
		<span>998,1006</span>
		<type>Day-Of-Week</type>
		</entity>

	<entity>
		<id>117@e@APW19980213.1320@gold</id>
		<span>1055,1059</span>
		<type>Calendar-Interval</type>
		</entity>

	<entity>
		<id>118@e@APW19980213.1320@gold</id>
		<span>81,83</span>
		<type>Hour-Of-Day</type>
		</entity>

	<entity>
		<id>119@e@APW19980213.1320@gold</id>
		<span>31,33</span>
		<type>Hour-Of-Day</type>
		</entity>

	<entity>
		<id>120@e@APW19980213.1320@gold</id>
		<span>23,25</span>
		<type>Day-Of-Month</type>
		</entity>

	<entity>
		<id>121@e@APW19980213.1320@gold</id>
		<span>1596,1598</span>
		<type>Two-Digit-Year</type>
		</entity>

	<entity>
		<id>122@e@APW19980213.1320@gold</id>
		<span>73,75</span>
		<type>Day-Of-Month</type>
		</entity>

	<entity>
		<id>123@e@APW19980213.1320@gold</id>
		<span>20,22</span>
		<type>Month-Of-Year</type>
		</entity>

	<entity>
		<id>124@e@APW19980213.1320@gold</id>
		<span>70,72</span>
		<type>Month-Of-Year</type>
		</entity>

	<entity>
		<id>125@e@APW19980213.1320@gold</id>
		<span>1590,1592</span>
		<type>Month-Of-Year</type>
		</entity>

	<entity>
		<id>126@e@APW19980213.1320@gold</id>
		<span>1593,1595</span>
		<type>Day-Of-Month</type>
		</entity>

	<entity>
		<id>128@e@APW19980213.1320@gold</id>
		<span>76,80</span>
		<type>Year</type>
		</entity>

	<entity>
		<id>129@e@APW19980213.1320@gold</id>
		<span>26,30</span>
		<type>Year</type>
		</entity>

	<entity>
		<id>130@e@APW19980213.1320@gold</id>
		<span>934,937</span>
		<type>Union</type>
		</entity>

	<entity>
		<id>131@e@APW19980213.1320@gold</id>
		<span>1036,1042</span>
		<type>Modifier</type>
		</entity>

	<entity>
		<id>132@e@APW19980213.1320@gold</id>
		<span>1043,1046</span>
		<type>Number</type>
		</entity>

	<entity>
		<id>133@e@APW19980213.1320@gold</id>
		<span>1047,1052</span>
		<type>Frequency</type>
		</entity>

	<entity>
		<id>134@e@APW19980213.1320@gold</id>
		<span>724,728</span>
		<type>Number</type>
		</entity>

	<entity>
		<id>135@e@APW19980213.1320@gold</id>
		<span>729,736</span>
		<type>Frequency</type>
		</entity>

	<entity>
		<id>136@e@APW19980213.1320@gold</id>
		<span>889,892</span>
		<type>Number</type>
		</entity>

	<entity>
		<id>137@e@APW19980213.1320@gold</id>
		<span>337,339</span>
		<type>Before</type>
		</entity>

	<entity>
		<id>138@e@APW19980213.1320@gold</id>
		<span>459,464</span>
		<type>After</type>
		</entity>

	<entity>
		<id>140@e@APW19980213.1320@gold</id>
		<span>1007,1011</span>
		<type>Between</type>
		</entity>

	<entity>
		<id>142@e@APW19980213.1320@gold</id>
		<span>953,957</span>
		<type>Between</type>
		</entity>

	<entity>
		<id>144@e@APW19980213.1320@gold</id>
		<span>716,723</span>
		<type>This</type>
		</entity>

	<entity>
		<id>145@e@APW19980213.1320@gold</id>
		<span>814,820</span>
		<type>Day-Of-Week</type>
		</entity>

	<entity>
		<id>147@e@APW19980213.1320@gold</id>
		<span>977,982</span>
		<type>Frequency</type>
		</entity>

	<entity>
		<id>148@e@APW19980213.1320@gold</id>
		<span>897,904</span>
		<type>Frequency</type>
		</entity>

</annotations>

</data>