<?xml version='1.0' encoding='UTF-8'?>
<data>
<info>
  <savetime>19:02:50 25-05-2017</savetime>
  <progress>completed</progress>
</info>

<schema path="./" protocol="file">temporal.schema.xml</schema>

<annotations>
	<entity>
		<id>38@e@wsj_0124@gold</id>
		<span>12,14</span>
		<type>Month-Of-Year</type>
		</entity>

	<entity>
		<id>39@e@wsj_0124@gold</id>
		<span>1198,1207</span>
		<type>Calendar-Interval</type>
		</entity>

	<entity>
		<id>40@e@wsj_0124@gold</id>
		<span>128,130</span>
		<type>Month-Of-Year</type>
		</entity>

	<entity>
		<id>41@e@wsj_0124@gold</id>
		<span>131,133</span>
		<type>Day-Of-Month</type>
		</entity>

	<entity>
		<id>42@e@wsj_0124@gold</id>
		<span>1025,1027</span>
		<type>Day-Of-Month</type>
		</entity>

	<entity>
		<id>43@e@wsj_0124@gold</id>
		<span>450,454</span>
		<type>Month-Of-Year</type>
		</entity>

	<entity>
		<id>44@e@wsj_0124@gold</id>
		<span>455,457</span>
		<type>Day-Of-Month</type>
		</entity>

	<entity>
		<id>45@e@wsj_0124@gold</id>
		<span>551,556</span>
		<type>Month-Of-Year</type>
		</entity>

	<entity>
		<id>46@e@wsj_0124@gold</id>
		<span>15,17</span>
		<type>Day-Of-Month</type>
		</entity>

	<entity>
		<id>47@e@wsj_0124@gold</id>
		<span>656,661</span>
		<type>NthFromStart</type>
		</entity>

	<entity>
		<id>48@e@wsj_0124@gold</id>
		<span>662,669</span>
		<type>Calendar-Interval</type>
		</entity>

	<entity>
		<id>49@e@wsj_0124@gold</id>
		<span>1019,1024</span>
		<type>Month-Of-Year</type>
		</entity>

	<entity>
		<id>50@e@wsj_0124@gold</id>
		<span>791,797</span>
		<type>Last</type>
		</entity>

	<entity>
		<id>52@e@wsj_0124@gold</id>
		<span>134,136</span>
		<type>Two-Digit-Year</type>
		</entity>

	<entity>
		<id>53@e@wsj_0124@gold</id>
		<span>18,20</span>
		<type>Two-Digit-Year</type>
		</entity>

	<entity>
		<id>54@e@wsj_0124@gold</id>
		<span>1029,1033</span>
		<type>Year</type>
		</entity>

	<entity>
		<id>55@e@wsj_0124@gold</id>
		<span>777,784</span>
		<type>Before</type>
		</entity>

	<entity>
		<id>58@e@wsj_0124@gold</id>
		<span>772,776</span>
		<type>Period</type>
		</entity>

</annotations>

</data>