<?xml version='1.0' encoding='UTF-8'?>
<data>
<info>
  <savetime>16:03:08 19-05-2017</savetime>
  <progress>completed</progress>
</info>

<schema path="./" protocol="file">temporal.schema.xml</schema>

<annotations>
	<entity>
		<id>30@e@ABC19980120.1830.0957@gold</id>
		<span>733,738</span>
		<type>Number</type>
		</entity>

	<entity>
		<id>31@e@ABC19980120.1830.0957@gold</id>
		<span>2112,2118</span>
		<type>Period</type>
		</entity>

	<entity>
		<id>32@e@ABC19980120.1830.0957@gold</id>
		<span>2008,2012</span>
		<type>This</type>
		</entity>

	<entity>
		<id>33@e@ABC19980120.1830.0957@gold</id>
		<span>739,744</span>
		<type>Period</type>
		</entity>

	<entity>
		<id>34@e@ABC19980120.1830.0957@gold</id>
		<span>2013,2020</span>
		<type>Part-Of-Day</type>
		</entity>

	<entity>
		<id>35@e@ABC19980120.1830.0957@gold</id>
		<span>726,732</span>
		<type>Modifier</type>
		</entity>

	<entity>
		<id>36@e@ABC19980120.1830.0957@gold</id>
		<span>31,33</span>
		<type>Day-Of-Month</type>
		</entity>

	<entity>
		<id>37@e@ABC19980120.1830.0957@gold</id>
		<span>29,31</span>
		<type>Month-Of-Year</type>
		</entity>

	<entity>
		<id>38@e@ABC19980120.1830.0957@gold</id>
		<span>25,29</span>
		<type>Year</type>
		</entity>

</annotations>

</data>