<?xml version='1.0' encoding='UTF-8'?>
<data>
<info>
  <savetime>15:15:14 24-05-2017</savetime>
  <progress>completed</progress>
</info>

<schema path="./" protocol="file">temporal.schema.xml</schema>

<annotations>
	<entity>
		<id>12@e@PRI19980216.2000.0170@gold</id>
		<span>29,31</span>
		<type>Month-Of-Year</type>
		</entity>

	<entity>
		<id>13@e@PRI19980216.2000.0170@gold</id>
		<span>31,33</span>
		<type>Day-Of-Month</type>
		</entity>

	<entity>
		<id>14@e@PRI19980216.2000.0170@gold</id>
		<span>349,353</span>
		<type>Last</type>
		</entity>

	<entity>
		<id>15@e@PRI19980216.2000.0170@gold</id>
		<span>354,358</span>
		<type>Calendar-Interval</type>
		</entity>

	<entity>
		<id>16@e@PRI19980216.2000.0170@gold</id>
		<span>25,29</span>
		<type>Year</type>
		</entity>

</annotations>

</data>