<?xml version='1.0' encoding='UTF-8'?>
<data>
<info>
  <savetime>17:19:02 19-05-2017</savetime>
  <progress>completed</progress>
</info>

<schema path="./" protocol="file">temporal.schema.xml</schema>

<annotations>
	<entity>
		<id>37@e@ABC19980304.1830.1636@gold</id>
		<span>80,85</span>
		<type>Calendar-Interval</type>
		</entity>

	<entity>
		<id>39@e@ABC19980304.1830.1636@gold</id>
		<span>275,283</span>
		<type>Month-Of-Year</type>
		</entity>

	<entity>
		<id>41@e@ABC19980304.1830.1636@gold</id>
		<span>471,477</span>
		<type>Number</type>
		</entity>

	<entity>
		<id>42@e@ABC19980304.1830.1636@gold</id>
		<span>478,483</span>
		<type>Period</type>
		</entity>

	<entity>
		<id>43@e@ABC19980304.1830.1636@gold</id>
		<span>659,662</span>
		<type>This</type>
		</entity>

	<entity>
		<id>44@e@ABC19980304.1830.1636@gold</id>
		<span>1070,1073</span>
		<type>This</type>
		</entity>

	<entity>
		<id>45@e@ABC19980304.1830.1636@gold</id>
		<span>484,489</span>
		<type>After</type>
		</entity>

	<entity>
		<id>46@e@ABC19980304.1830.1636@gold</id>
		<span>31,33</span>
		<type>Day-Of-Month</type>
		</entity>

	<entity>
		<id>48@e@ABC19980304.1830.1636@gold</id>
		<span>29,31</span>
		<type>Month-Of-Year</type>
		</entity>

	<entity>
		<id>49@e@ABC19980304.1830.1636@gold</id>
		<span>25,29</span>
		<type>Year</type>
		</entity>

	<entity>
		<id>50@e@ABC19980304.1830.1636@gold</id>
		<span>323,329</span>
		<type>Before</type>
		</entity>

	<entity>
		<id>51@e@ABC19980304.1830.1636@gold</id>
		<span>653,658</span>
		<type>Before</type>
		</entity>

	<entity>
		<id>52@e@ABC19980304.1830.1636@gold</id>
		<span>1064,1069</span>
		<type>Before</type>
		</entity>

</annotations>

</data>