<?xml version='1.0' encoding='UTF-8'?>
<data>
<info>
  <savetime>18:59:56 25-05-2017</savetime>
  <progress>completed</progress>
</info>

<schema path="./" protocol="file">temporal.schema.xml</schema>

<annotations>
	<entity>
		<id>24@e@wsj_0032@gold</id>
		<span>483,488</span>
		<type>Calendar-Interval</type>
		</entity>

	<entity>
		<id>25@e@wsj_0032@gold</id>
		<span>12,14</span>
		<type>Month-Of-Year</type>
		</entity>

	<entity>
		<id>26@e@wsj_0032@gold</id>
		<span>591,600</span>
		<type>This</type>
		</entity>

	<entity>
		<id>27@e@wsj_0032@gold</id>
		<span>88,90</span>
		<type>Month-Of-Year</type>
		</entity>

	<entity>
		<id>28@e@wsj_0032@gold</id>
		<span>91,93</span>
		<type>Day-Of-Month</type>
		</entity>

	<entity>
		<id>29@e@wsj_0032@gold</id>
		<span>562,565</span>
		<type>Modifier</type>
		</entity>

	<entity>
		<id>30@e@wsj_0032@gold</id>
		<span>15,17</span>
		<type>Day-Of-Month</type>
		</entity>

	<entity>
		<id>32@e@wsj_0032@gold</id>
		<span>700,710</span>
		<type>Last</type>
		</entity>

	<entity>
		<id>33@e@wsj_0032@gold</id>
		<span>94,96</span>
		<type>Two-Digit-Year</type>
		</entity>

	<entity>
		<id>34@e@wsj_0032@gold</id>
		<span>569,577</span>
		<type>Month-Of-Year</type>
		</entity>

	<entity>
		<id>36@e@wsj_0032@gold</id>
		<span>18,20</span>
		<type>Two-Digit-Year</type>
		</entity>

</annotations>

</data>