<?xml version='1.0' encoding='UTF-8'?>
<data>
<info>
  <savetime>12:19:25 10-07-2017</savetime>
  <progress>completed</progress>
</info>

<schema path="./" protocol="file">temporal.schema.xml</schema>

<annotations>
	<entity>
		<id>21@e@wsj_0161@gold</id>
		<span>151,153</span>
		<type>Day-Of-Month</type>
		</entity>

	<entity>
		<id>22@e@wsj_0161@gold</id>
		<span>12,14</span>
		<type>Month-Of-Year</type>
		</entity>

	<entity>
		<id>23@e@wsj_0161@gold</id>
		<span>875,879</span>
		<type>Period</type>
		</entity>

	<entity>
		<id>24@e@wsj_0161@gold</id>
		<span>235,242</span>
		<type>Calendar-Interval</type>
		</entity>

	<entity>
		<id>25@e@wsj_0161@gold</id>
		<span>140,147</span>
		<type>Calendar-Interval</type>
		</entity>

	<entity>
		<id>26@e@wsj_0161@gold</id>
		<span>148,150</span>
		<type>Month-Of-Year</type>
		</entity>

	<entity>
		<id>27@e@wsj_0161@gold</id>
		<span>15,17</span>
		<type>Day-Of-Month</type>
		</entity>

	<entity>
		<id>28@e@wsj_0161@gold</id>
		<span>880,887</span>
		<type>Before</type>
		</entity>

	<entity>
		<id>29@e@wsj_0161@gold</id>
		<span>229,234</span>
		<type>NthFromStart</type>
		</entity>

	<entity>
		<id>30@e@wsj_0161@gold</id>
		<span>134,139</span>
		<type>NthFromStart</type>
		</entity>

	<entity>
		<id>31@e@wsj_0161@gold</id>
		<span>154,156</span>
		<type>Two-Digit-Year</type>
		</entity>

	<entity>
		<id>32@e@wsj_0161@gold</id>
		<span>18,20</span>
		<type>Two-Digit-Year</type>
		</entity>

</annotations>

</data>