<?xml version='1.0' encoding='UTF-8'?>
<data>
<info>
  <savetime>18:36:31 21-05-2017</savetime>
  <progress>completed</progress>
</info>

<schema path="./" protocol="file">temporal.schema.xml</schema>

<annotations>
	<entity>
		<id>120@e@APW19980322.0749@gold</id>
		<span>4573,4576</span>
		<type>Time-Zone</type>
		</entity>

	<entity>
		<id>121@e@APW19980322.0749@gold</id>
		<span>4571,4573</span>
		<type>Minute-Of-Hour</type>
		</entity>

	<entity>
		<id>122@e@APW19980322.0749@gold</id>
		<span>4569,4571</span>
		<type>Hour-Of-Day</type>
		</entity>

	<entity>
		<id>123@e@APW19980322.0749@gold</id>
		<span>34,36</span>
		<type>Minute-Of-Hour</type>
		</entity>

	<entity>
		<id>124@e@APW19980322.0749@gold</id>
		<span>37,39</span>
		<type>Second-Of-Minute</type>
		</entity>

	<entity>
		<id>125@e@APW19980322.0749@gold</id>
		<span>3926,3932</span>
		<type>Day-Of-Week</type>
		</entity>

	<entity>
		<id>126@e@APW19980322.0749@gold</id>
		<span>3181,3185</span>
		<type>Month-Of-Year</type>
		</entity>

	<entity>
		<id>127@e@APW19980322.0749@gold</id>
		<span>3072,3077</span>
		<type>Number</type>
		</entity>

	<entity>
		<id>129@e@APW19980322.0749@gold</id>
		<span>84,86</span>
		<type>Minute-Of-Hour</type>
		</entity>

	<entity>
		<id>130@e@APW19980322.0749@gold</id>
		<span>87,89</span>
		<type>Second-Of-Minute</type>
		</entity>

	<entity>
		<id>131@e@APW19980322.0749@gold</id>
		<span>154,156</span>
		<type>Month-Of-Year</type>
		</entity>

	<entity>
		<id>132@e@APW19980322.0749@gold</id>
		<span>157,159</span>
		<type>Day-Of-Month</type>
		</entity>

	<entity>
		<id>134@e@APW19980322.0749@gold</id>
		<span>542,548</span>
		<type>Day-Of-Week</type>
		</entity>

	<entity>
		<id>135@e@APW19980322.0749@gold</id>
		<span>2759,2765</span>
		<type>Day-Of-Week</type>
		</entity>

	<entity>
		<id>137@e@APW19980322.0749@gold</id>
		<span>988,994</span>
		<type>Day-Of-Week</type>
		</entity>

	<entity>
		<id>138@e@APW19980322.0749@gold</id>
		<span>2551,2555</span>
		<type>Year</type>
		</entity>

	<entity>
		<id>139@e@APW19980322.0749@gold</id>
		<span>1946,1952</span>
		<type>Day-Of-Week</type>
		</entity>

	<entity>
		<id>140@e@APW19980322.0749@gold</id>
		<span>1175,1177</span>
		<type>Day-Of-Month</type>
		</entity>

	<entity>
		<id>141@e@APW19980322.0749@gold</id>
		<span>1323,1329</span>
		<type>Day-Of-Week</type>
		</entity>

	<entity>
		<id>143@e@APW19980322.0749@gold</id>
		<span>1660,1663</span>
		<type>Month-Of-Year</type>
		</entity>

	<entity>
		<id>145@e@APW19980322.0749@gold</id>
		<span>1693,1696</span>
		<type>Number</type>
		</entity>

	<entity>
		<id>146@e@APW19980322.0749@gold</id>
		<span>1907,1915</span>
		<type>Month-Of-Year</type>
		</entity>

	<entity>
		<id>147@e@APW19980322.0749@gold</id>
		<span>1816,1818</span>
		<type>Number</type>
		</entity>

	<entity>
		<id>148@e@APW19980322.0749@gold</id>
		<span>1855,1859</span>
		<type>Calendar-Interval</type>
		</entity>

	<entity>
		<id>149@e@APW19980322.0749@gold</id>
		<span>31,33</span>
		<type>Hour-Of-Day</type>
		</entity>

	<entity>
		<id>150@e@APW19980322.0749@gold</id>
		<span>81,83</span>
		<type>Hour-Of-Day</type>
		</entity>

	<entity>
		<id>151@e@APW19980322.0749@gold</id>
		<span>3067,3071</span>
		<type>Last</type>
		</entity>

	<entity>
		<id>153@e@APW19980322.0749@gold</id>
		<span>1850,1854</span>
		<type>Last</type>
		</entity>

	<entity>
		<id>154@e@APW19980322.0749@gold</id>
		<span>73,75</span>
		<type>Day-Of-Month</type>
		</entity>

	<entity>
		<id>155@e@APW19980322.0749@gold</id>
		<span>20,22</span>
		<type>Month-Of-Year</type>
		</entity>

	<entity>
		<id>156@e@APW19980322.0749@gold</id>
		<span>1170,1174</span>
		<type>Month-Of-Year</type>
		</entity>

	<entity>
		<id>157@e@APW19980322.0749@gold</id>
		<span>4566,4568</span>
		<type>Two-Digit-Year</type>
		</entity>

	<entity>
		<id>158@e@APW19980322.0749@gold</id>
		<span>23,25</span>
		<type>Day-Of-Month</type>
		</entity>

	<entity>
		<id>159@e@APW19980322.0749@gold</id>
		<span>4563,4565</span>
		<type>Day-Of-Month</type>
		</entity>

	<entity>
		<id>160@e@APW19980322.0749@gold</id>
		<span>4560,4562</span>
		<type>Month-Of-Year</type>
		</entity>

	<entity>
		<id>161@e@APW19980322.0749@gold</id>
		<span>70,72</span>
		<type>Month-Of-Year</type>
		</entity>

	<entity>
		<id>162@e@APW19980322.0749@gold</id>
		<span>3078,3085</span>
		<type>Season-Of-Year</type>
		</entity>

	<entity>
		<id>163@e@APW19980322.0749@gold</id>
		<span>76,80</span>
		<type>Year</type>
		</entity>

	<entity>
		<id>164@e@APW19980322.0749@gold</id>
		<span>26,30</span>
		<type>Year</type>
		</entity>

	<entity>
		<id>166@e@APW19980322.0749@gold</id>
		<span>2545,2550</span>
		<type>Between</type>
		</entity>

	<entity>
		<id>167@e@APW19980322.0749@gold</id>
		<span>1824,1827</span>
		<type>Before</type>
		</entity>

	<entity>
		<id>168@e@APW19980322.0749@gold</id>
		<span>1703,1706</span>
		<type>Before</type>
		</entity>

	<entity>
		<id>170@e@APW19980322.0749@gold</id>
		<span>223,226</span>
		<type>Calendar-Interval</type>
		</entity>

	<entity>
		<id>173@e@APW19980322.0749@gold</id>
		<span>593,596</span>
		<type>Calendar-Interval</type>
		</entity>

	<entity>
		<id>175@e@APW19980322.0749@gold</id>
		<span>1697,1702</span>
		<type>Period</type>
		</entity>

	<entity>
		<id>176@e@APW19980322.0749@gold</id>
		<span>1819,1823</span>
		<type>Period</type>
		</entity>

	<entity>
		<id>178@e@APW19980322.0749@gold</id>
		<span>3918,3925</span>
		<type>Before</type>
		</entity>

	<entity>
		<id>182@e@APW19980322.0749@gold</id>
		<span>926,931</span>
		<type>Period</type>
		</entity>

	<entity>
		<id>183@e@APW19980322.0749@gold</id>
		<span>924,925</span>
		<type>Number</type>
		</entity>

	<entity>
		<id>185@e@APW19980322.0749@gold</id>
		<span>1121,1126</span>
		<type>Between</type>
		</entity>

	<entity>
		<id>187@e@APW19980322.0749@gold</id>
		<span>2064,2072</span>
		<type>Next</type>
		</entity>

	<entity>
		<id>188@e@APW19980322.0749@gold</id>
		<span>2733,2739</span>
		<type>Last</type>
		</entity>

	<entity>
		<id>189@e@APW19980322.0749@gold</id>
		<span>2836,2842</span>
		<type>Calendar-Interval</type>
		</entity>

	<entity>
		<id>190@e@APW19980322.0749@gold</id>
		<span>3492,3498</span>
		<type>Season-Of-Year</type>
		</entity>

	<entity>
		<id>191@e@APW19980322.0749@gold</id>
		<span>3487,3491</span>
		<type>This</type>
		</entity>

	<entity>
		<id>192@e@APW19980322.0749@gold</id>
		<span>3575,3581</span>
		<type>Season-Of-Year</type>
		</entity>

	<entity>
		<id>194@e@APW19980322.0749@gold</id>
		<span>3570,3574</span>
		<type>This</type>
		</entity>

</annotations>

</data>