<?xml version='1.0' encoding='UTF-8'?>
<data>
<info>
  <savetime>14:31:30 24-05-2017</savetime>
  <progress>completed</progress>
</info>

<schema path="./" protocol="file">temporal.schema.xml</schema>

<annotations>
	<entity>
		<id>211@e@NYT19980206.0460@gold</id>
		<span>150,152</span>
		<type>Day-Of-Month</type>
		</entity>

	<entity>
		<id>212@e@NYT19980206.0460@gold</id>
		<span>34,36</span>
		<type>Minute-Of-Hour</type>
		</entity>

	<entity>
		<id>213@e@NYT19980206.0460@gold</id>
		<span>37,39</span>
		<type>Second-Of-Minute</type>
		</entity>

	<entity>
		<id>214@e@NYT19980206.0460@gold</id>
		<span>147,149</span>
		<type>Month-Of-Year</type>
		</entity>

	<entity>
		<id>215@e@NYT19980206.0460@gold</id>
		<span>84,86</span>
		<type>Minute-Of-Hour</type>
		</entity>

	<entity>
		<id>216@e@NYT19980206.0460@gold</id>
		<span>87,89</span>
		<type>Second-Of-Minute</type>
		</entity>

	<entity>
		<id>217@e@NYT19980206.0460@gold</id>
		<span>31,33</span>
		<type>Hour-Of-Day</type>
		</entity>

	<entity>
		<id>218@e@NYT19980206.0460@gold</id>
		<span>81,83</span>
		<type>Hour-Of-Day</type>
		</entity>

	<entity>
		<id>220@e@NYT19980206.0460@gold</id>
		<span>70,72</span>
		<type>Month-Of-Year</type>
		</entity>

	<entity>
		<id>221@e@NYT19980206.0460@gold</id>
		<span>23,25</span>
		<type>Day-Of-Month</type>
		</entity>

	<entity>
		<id>222@e@NYT19980206.0460@gold</id>
		<span>20,22</span>
		<type>Month-Of-Year</type>
		</entity>

	<entity>
		<id>223@e@NYT19980206.0460@gold</id>
		<span>73,75</span>
		<type>Day-Of-Month</type>
		</entity>

	<entity>
		<id>224@e@NYT19980206.0460@gold</id>
		<span>76,80</span>
		<type>Year</type>
		</entity>

	<entity>
		<id>225@e@NYT19980206.0460@gold</id>
		<span>26,30</span>
		<type>Year</type>
		</entity>

	<entity>
		<id>227@e@NYT19980206.0460@gold</id>
		<span>2845,2849</span>
		<type>Frequency</type>
		</entity>

	<entity>
		<id>228@e@NYT19980206.0460@gold</id>
		<span>2863,2870</span>
		<type>Number</type>
		</entity>

	<entity>
		<id>229@e@NYT19980206.0460@gold</id>
		<span>2910,2917</span>
		<type>Number</type>
		</entity>

	<entity>
		<id>231@e@NYT19980206.0460@gold</id>
		<span>2963,2970</span>
		<type>Number</type>
		</entity>

	<entity>
		<id>234@e@NYT19980206.0460@gold</id>
		<span>2985,2989</span>
		<type>Number</type>
		</entity>

	<entity>
		<id>236@e@NYT19980206.0460@gold</id>
		<span>3000,3004</span>
		<type>Year</type>
		</entity>

	<entity>
		<id>237@e@NYT19980206.0460@gold</id>
		<span>2979,2984</span>
		<type>NthFromStart</type>
		</entity>

	<entity>
		<id>238@e@NYT19980206.0460@gold</id>
		<span>5315,5321</span>
		<type>Season-Of-Year</type>
		</entity>

	<entity>
		<id>241@e@NYT19980206.0460@gold</id>
		<span>451,455</span>
		<type>Year</type>
		</entity>

	<entity>
		<id>242@e@NYT19980206.0460@gold</id>
		<span>5952,5955</span>
		<type>Time-Zone</type>
		</entity>

	<entity>
		<id>243@e@NYT19980206.0460@gold</id>
		<span>5950,5952</span>
		<type>Minute-Of-Hour</type>
		</entity>

	<entity>
		<id>244@e@NYT19980206.0460@gold</id>
		<span>5948,5950</span>
		<type>Hour-Of-Day</type>
		</entity>

	<entity>
		<id>245@e@NYT19980206.0460@gold</id>
		<span>5942,5944</span>
		<type>Day-Of-Month</type>
		</entity>

	<entity>
		<id>246@e@NYT19980206.0460@gold</id>
		<span>5939,5941</span>
		<type>Month-Of-Year</type>
		</entity>

	<entity>
		<id>247@e@NYT19980206.0460@gold</id>
		<span>5945,5947</span>
		<type>Two-Digit-Year</type>
		</entity>

	<entity>
		<id>248@e@NYT19980206.0460@gold</id>
		<span>563,570</span>
		<type>Month-Of-Year</type>
		</entity>

	<entity>
		<id>250@e@NYT19980206.0460@gold</id>
		<span>797,802</span>
		<type>Calendar-Interval</type>
		</entity>

	<entity>
		<id>251@e@NYT19980206.0460@gold</id>
		<span>879,884</span>
		<type>Calendar-Interval</type>
		</entity>

	<entity>
		<id>252@e@NYT19980206.0460@gold</id>
		<span>861,866</span>
		<type>NthFromStart</type>
		</entity>

	<entity>
		<id>253@e@NYT19980206.0460@gold</id>
		<span>792,796</span>
		<type>Last</type>
		</entity>

	<entity>
		<id>255@e@NYT19980206.0460@gold</id>
		<span>1065,1070</span>
		<type>Calendar-Interval</type>
		</entity>

	<entity>
		<id>256@e@NYT19980206.0460@gold</id>
		<span>1060,1064</span>
		<type>Last</type>
		</entity>

	<entity>
		<id>257@e@NYT19980206.0460@gold</id>
		<span>1184,1189</span>
		<type>Calendar-Interval</type>
		</entity>

	<entity>
		<id>258@e@NYT19980206.0460@gold</id>
		<span>1179,1183</span>
		<type>Last</type>
		</entity>

	<entity>
		<id>259@e@NYT19980206.0460@gold</id>
		<span>1329,1333</span>
		<type>Period</type>
		</entity>

	<entity>
		<id>260@e@NYT19980206.0460@gold</id>
		<span>1334,1341</span>
		<type>Before</type>
		</entity>

	<entity>
		<id>261@e@NYT19980206.0460@gold</id>
		<span>1453,1459</span>
		<type>Period</type>
		</entity>

	<entity>
		<id>262@e@NYT19980206.0460@gold</id>
		<span>1448,1452</span>
		<type>Last</type>
		</entity>

	<entity>
		<id>263@e@NYT19980206.0460@gold</id>
		<span>1653,1659</span>
		<type>Period</type>
		</entity>

	<entity>
		<id>264@e@NYT19980206.0460@gold</id>
		<span>1646,1652</span>
		<type>Next</type>
		</entity>

	<entity>
		<id>265@e@NYT19980206.0460@gold</id>
		<span>1989,1990</span>
		<type>Day-Of-Month</type>
		</entity>

	<entity>
		<id>266@e@NYT19980206.0460@gold</id>
		<span>1984,1988</span>
		<type>Month-Of-Year</type>
		</entity>

	<entity>
		<id>268@e@NYT19980206.0460@gold</id>
		<span>2116,2120</span>
		<type>Period</type>
		</entity>

	<entity>
		<id>269@e@NYT19980206.0460@gold</id>
		<span>2113,2115</span>
		<type>Number</type>
		</entity>

	<entity>
		<id>270@e@NYT19980206.0460@gold</id>
		<span>2615,2622</span>
		<type>Month-Of-Year</type>
		</entity>

	<entity>
		<id>272@e@NYT19980206.0460@gold</id>
		<span>2676,2680</span>
		<type>Season-Of-Year</type>
		</entity>

	<entity>
		<id>273@e@NYT19980206.0460@gold</id>
		<span>2671,2675</span>
		<type>Last</type>
		</entity>

	<entity>
		<id>274@e@NYT19980206.0460@gold</id>
		<span>2795,2803</span>
		<type>Month-Of-Year</type>
		</entity>

	<entity>
		<id>276@e@NYT19980206.0460@gold</id>
		<span>2785,2791</span>
		<type>Day-Of-Week</type>
		</entity>

	<entity>
		<id>278@e@NYT19980206.0460@gold</id>
		<span>2873,2878</span>
		<type>Calendar-Interval</type>
		</entity>

	<entity>
		<id>279@e@NYT19980206.0460@gold</id>
		<span>2897,2903</span>
		<type>Calendar-Interval</type>
		</entity>

	<entity>
		<id>280@e@NYT19980206.0460@gold</id>
		<span>2892,2896</span>
		<type>Number</type>
		</entity>

	<entity>
		<id>281@e@NYT19980206.0460@gold</id>
		<span>2887,2891</span>
		<type>Last</type>
		</entity>

	<entity>
		<id>282@e@NYT19980206.0460@gold</id>
		<span>2932,2937</span>
		<type>Number</type>
		</entity>

	<entity>
		<id>283@e@NYT19980206.0460@gold</id>
		<span>2938,2944</span>
		<type>Calendar-Interval</type>
		</entity>

	<entity>
		<id>284@e@NYT19980206.0460@gold</id>
		<span>2927,2931</span>
		<type>Last</type>
		</entity>

	<entity>
		<id>286@e@NYT19980206.0460@gold</id>
		<span>2990,2996</span>
		<type>Calendar-Interval</type>
		</entity>

	<entity>
		<id>287@e@NYT19980206.0460@gold</id>
		<span>3446,3449</span>
		<type>Number</type>
		</entity>

	<entity>
		<id>288@e@NYT19980206.0460@gold</id>
		<span>3450,3456</span>
		<type>Calendar-Interval</type>
		</entity>

	<entity>
		<id>289@e@NYT19980206.0460@gold</id>
		<span>3441,3445</span>
		<type>Last</type>
		</entity>

	<entity>
		<id>290@e@NYT19980206.0460@gold</id>
		<span>3716,3720</span>
		<type>Next</type>
		</entity>

	<entity>
		<id>291@e@NYT19980206.0460@gold</id>
		<span>3939,3945</span>
		<type>Day-Of-Week</type>
		</entity>

	<entity>
		<id>292@e@NYT19980206.0460@gold</id>
		<span>4415,4422</span>
		<type>Month-Of-Year</type>
		</entity>

	<entity>
		<id>294@e@NYT19980206.0460@gold</id>
		<span>5409,5414</span>
		<type>Calendar-Interval</type>
		</entity>

	<entity>
		<id>295@e@NYT19980206.0460@gold</id>
		<span>5404,5408</span>
		<type>Last</type>
		</entity>

	<entity>
		<id>296@e@NYT19980206.0460@gold</id>
		<span>5435,5443</span>
		<type>Month-Of-Year</type>
		</entity>

	<entity>
		<id>297@e@NYT19980206.0460@gold</id>
		<span>5467,5473</span>
		<type>Modifier</type>
		</entity>

	<entity>
		<id>298@e@NYT19980206.0460@gold</id>
		<span>5474,5477</span>
		<type>Number</type>
		</entity>

	<entity>
		<id>299@e@NYT19980206.0460@gold</id>
		<span>5478,5485</span>
		<type>Period</type>
		</entity>

	<entity>
		<id>300@e@NYT19980206.0460@gold</id>
		<span>5816,5823</span>
		<type>Month-Of-Year</type>
		</entity>

	<entity>
		<id>302@e@NYT19980206.0460@gold</id>
		<span>214,221</span>
		<type>Month-Of-Year</type>
		</entity>

	<entity>
		<id>303@e@NYT19980206.0460@gold</id>
		<span>599,605</span>
		<type>Day-Of-Week</type>
		</entity>

	<entity>
		<id>306@e@NYT19980206.0460@gold</id>
		<span>1199,1205</span>
		<type>Calendar-Interval</type>
		</entity>

	<entity>
		<id>307@e@NYT19980206.0460@gold</id>
		<span>1095,1110</span>
		<type>Calendar-Interval</type>
		</entity>

	</annotations>

</data>