<?xml version='1.0' encoding='UTF-8'?>
<data>
<info>
  <savetime>15:31:07 24-05-2017</savetime>
  <progress>completed</progress>
</info>

<schema path="./" protocol="file">temporal.schema.xml</schema>

<annotations>
	<entity>
		<id>15@e@VOA19980501.1800.0355@gold</id>
		<span>29,31</span>
		<type>Month-Of-Year</type>
		</entity>

	<entity>
		<id>16@e@VOA19980501.1800.0355@gold</id>
		<span>31,33</span>
		<type>Day-Of-Month</type>
		</entity>

	<entity>
		<id>17@e@VOA19980501.1800.0355@gold</id>
		<span>193,197</span>
		<type>Next</type>
		</entity>

	<entity>
		<id>18@e@VOA19980501.1800.0355@gold</id>
		<span>198,202</span>
		<type>Calendar-Interval</type>
		</entity>

	<entity>
		<id>19@e@VOA19980501.1800.0355@gold</id>
		<span>278,284</span>
		<type>Day-Of-Week</type>
		</entity>

	<entity>
		<id>21@e@VOA19980501.1800.0355@gold</id>
		<span>186,192</span>
		<type>Before</type>
		</entity>

	<entity>
		<id>22@e@VOA19980501.1800.0355@gold</id>
		<span>25,29</span>
		<type>Year</type>
		</entity>

	</annotations>

</data>